"","assay","gene","target_antibiotics_major","id","day","height","slice","mean","std","n","se"
"1","AY111","cphA_1","Beta Lactam","A",1,"bottom","Y",8.49,NA,1,NA
"2","AY142","ttgB","Other","A",1,"bottom","Y",14.51,NA,1,NA
"3","AY191","merA","Other","A",1,"bottom","Y",8.795,0.459619407771255,2,0.324999999999999
"4","AY198","crAss64","Other","A",1,"bottom","Y",10.77,0.890954544295051,2,0.630000000000001
"5","AY207","acrA_1","MDR","A",1,"bottom","Y",14.64,NA,1,NA
"6","AY218","qacE∆1_1","Other","A",1,"bottom","Y",9.76,0.16970562748477,2,0.119999999999999
"7","AY224","oprD","MDR","A",1,"bottom","Y",14.265,0.586898628384836,2,0.415000000000001
"8","AY236","qacE∆1_3","Other","A",1,"bottom","Y",9.505,0.120208152801712,2,0.0849999999999991
"9","AY24","strB","Aminoglycoside","A",1,"bottom","Y",7.91,0.16970562748477,2,0.119999999999999
"10","AY241","sul4","Sulfonamide","A",1,"bottom","Y",7.815,0.24748737341529,2,0.174999999999999
"11","AY244","sul3_1","Sulfonamide","A",1,"bottom","Y",9.78,0.367695526217004,2,0.26
"12","AY245","sul1_2","Sulfonamide","A",1,"bottom","Y",9.34,0.0141421356237281,2,0.00999999999999801
"13","AY254","tetA_2","Tetracycline","A",1,"bottom","Y",10.98,0.0424264068711919,2,0.0299999999999994
"14","AY263","tetW","Tetracycline","A",1,"bottom","Y",6.745,0.162634559672906,2,0.115
"15","AY289","intI1_2","Integrons","A",1,"bottom","Y",8.25,0.0989949493661171,2,0.0700000000000003
"16","AY29","catB3","Phenicol","A",1,"bottom","Y",14.295,0.374766594028868,2,0.264999999999999
"17","AY293","intI1_1","Integrons","A",1,"bottom","Y",7.205,0.572756492761103,2,0.404999999999999
"18","AY300","tnpA_2","MGE","A",1,"bottom","Y",6.205,0.0212132034355997,2,0.0150000000000023
"19","AY309","ISPps","MGE","A",1,"bottom","Y",5.88,0.141421356237309,2,0.0999999999999996
"20","AY328","aadA5_2","Aminoglycoside","A",1,"bottom","Y",14.645,0.403050865276332,2,0.285
"21","AY331","aadA2_3","Aminoglycoside","A",1,"bottom","Y",9.89,0.296984848098349,2,0.209999999999999
"22","AY353","tolC_2","MDR","A",1,"bottom","Y",14.66,NA,1,NA
"23","AY365","sul2_2","Sulfonamide","A",1,"bottom","Y",9.405,0.190918830920368,2,0.135
"24","AY37","cmxA","Phenicol","A",1,"bottom","Y",8.46,0.424264068711927,2,0.299999999999999
"25","AY389","aph6-ia","Aminoglycoside","A",1,"bottom","Y",16.32,NA,1,NA
"26","AY409","aadA16","Aminoglycoside","A",1,"bottom","Y",12.455,0.544472221513641,2,0.385
"27","AY410","aadA1_2","Aminoglycoside","A",1,"bottom","Y",9.525,0.827314933988259,2,0.584999999999999
"28","AY416","ant6-ib","Aminoglycoside","A",1,"bottom","Y",9.105,0.24748737341529,2,0.174999999999999
"29","AY457","qnrB4","Quinolone","A",1,"bottom","Y",11.345,2.02939646200539,2,1.435
"30","AY458","qnrB_2","Quinolone","A",1,"bottom","Y",19.64,0.947523086789974,2,0.67
"31","AY459","qnrD","Quinolone","A",1,"bottom","Y",10.13,0.537401153701777,2,0.380000000000001
"32","AY46","ermF_1","MLSB","A",1,"bottom","Y",4.33,0.226274169979693,2,0.159999999999998
"33","AY487","cefa_qacelta","MDR","A",1,"bottom","Y",9.51,0.268700576850887,2,0.19
"34","AY489","qacF/H","MDR","A",1,"bottom","Y",9.87,0.0282842712474638,2,0.0200000000000013
"35","AY492","copA","MDR","A",1,"bottom","Y",12.42,1.20208152801713,2,0.85
"36","AY493","czcA","MDR","A",1,"bottom","Y",9.795,0.601040764008564,2,0.424999999999999
"37","AY528","ereA","MLSB","A",1,"bottom","Y",9.955,0.205060966544101,2,0.145000000000001
"38","AY533","ermB_2","MLSB","A",1,"bottom","Y",7.43,0.0848528137423839,2,0.0599999999999987
"39","AY536","lnuB","MLSB","A",1,"bottom","Y",7.85,0.127279220613576,2,0.0899999999999981
"40","AY537","lnuC","MLSB","A",1,"bottom","Y",11.32,1.56977705423413,2,1.11
"41","AY538","mefA","MLSB","A",1,"bottom","Y",8.285,0.289913780286482,2,0.204999999999998
"42","AY553","msrE","MLSB","A",1,"bottom","Y",5.22,0.16970562748477,2,0.119999999999999
"43","AY562","catQ","Phenicol","A",1,"bottom","Y",12.67,1.45663996924429,2,1.03
"44","AY566","floR","Phenicol","A",1,"bottom","Y",14.535,0.148492424049176,2,0.105
"45","AY572","tetG","Tetracycline","A",1,"bottom","Y",7.26,0.254558441227154,2,0.179999999999998
"46","AY574","tetM","Tetracycline","A",1,"bottom","Y",8.24,0.0565685424949226,2,0.0399999999999991
"47","AY601","blaOXA48","Beta Lactam","A",1,"bottom","Y",19.13,NA,1,NA
"48","AY293","intI1_1","Integrons","B",1,"middle","Y",-4.37,0.364965751817894,3,0.210713075057055
"49","AY353","tolC_2","MDR","B",1,"middle","Y",5.72333333333333,0.616954887599843,3,0.356199070433625
"50","AY466","mcr1","Other","B",1,"middle","Y",6.52,0.509116882454313,2,0.359999999999999
"51","AY493","czcA","MDR","B",1,"middle","Y",-1.03666666666667,0.479200723427389,3,0.276666666666667
"52","AY537","lnuC","MLSB","B",1,"middle","Y",7.39,2.6734434723779,3,1.54351330844063
"53","AY538","mefA","MLSB","B",1,"middle","Y",5.8,3.57796031280393,2,2.53
"54","AY571","tetD","Tetracycline","B",1,"middle","Y",9.21,2.47487373415291,2,1.75
"55","AY595","vanA","Vancomycin","B",1,"middle","Y",7.7,2.26274169979695,2,1.6
"56","AY111","cphA_1","Beta Lactam","C",1,"top","Y",8.825,0.176776695296637,2,0.125
"57","AY126","blaSFO","Beta Lactam","C",1,"top","Y",15.06,2.12132034355964,2,1.5
"58","AY142","ttgB","Other","C",1,"top","Y",19.2533333333333,1.85734577645987,3,1.07233908401732
"59","AY191","merA","Other","C",1,"top","Y",9.53333333333333,0.974388697252452,3,0.562563576654032
"60","AY198","crAss64","Other","C",1,"top","Y",10.8966666666667,0.259293913027925,3,0.149703410485904
"61","AY207","acrA_1","MDR","C",1,"top","Y",14.8666666666667,1.14552753495206,3,0.661370630668698
"62","AY218","qacE∆1_1","Other","C",1,"top","Y",9.67,0.269072480941474,3,0.15534906930308
"63","AY236","qacE∆1_3","Other","C",1,"top","Y",9.58666666666667,0.176729548557487,3,0.102034852433426
"64","AY24","strB","Aminoglycoside","C",1,"top","Y",7.72,0.105356537528528,3,0.0608276253029825
"65","AY241","sul4","Sulfonamide","C",1,"top","Y",8.11666666666667,0.237557010701291,3,0.137153604076273
"66","AY244","sul3_1","Sulfonamide","C",1,"top","Y",10.12,0.138924439894498,3,0.0802080627701065
"67","AY245","sul1_2","Sulfonamide","C",1,"top","Y",9.19333333333333,0.179536440126601,3,0.10365541203644
"68","AY254","tetA_2","Tetracycline","C",1,"top","Y",11.2033333333333,0.297377425729213,3,0.171690936795679
"69","AY263","tetW","Tetracycline","C",1,"top","Y",7.05333333333333,0.0929157324317759,3,0.0536449231314371
"70","AY289","intI1_2","Integrons","C",1,"top","Y",8.17333333333333,0.0850490054811537,3,0.049103066208854
"71","AY29","catB3","Phenicol","C",1,"top","Y",14.56,0.311126983722082,2,0.220000000000001
"72","AY293","intI1_1","Integrons","C",1,"top","Y",7.24,0.488773976393997,3,0.282193786843958
"73","AY300","tnpA_2","MGE","C",1,"top","Y",6.10666666666667,0.0950438495292205,3,0.0548735921105138
"74","AY309","ISPps","MGE","C",1,"top","Y",5.68,0.0854400374531745,3,0.049328828623162
"75","AY328","aadA5_2","Aminoglycoside","C",1,"top","Y",13.8066666666667,0.915769257691768,3,0.528719627443926
"76","AY331","aadA2_3","Aminoglycoside","C",1,"top","Y",9.91,0.216564078277077,3,0.125033328890074
"77","AY365","sul2_2","Sulfonamide","C",1,"top","Y",9.56,0.25,3,0.144337567297406
"78","AY37","cmxA","Phenicol","C",1,"top","Y",8.49333333333333,0.14742229591664,3,0.0851143022320248
"79","AY381","vanTC_2","Vancomycin","C",1,"top","Y",17.43,1.3717871555019,2,0.969999999999999
"80","AY389","aph6-ia","Aminoglycoside","C",1,"top","Y",14.515,0.247487373415293,2,0.175000000000001
"81","AY409","aadA16","Aminoglycoside","C",1,"top","Y",11.11,0.949052158735231,3,0.547935519320781
"82","AY410","aadA1_2","Aminoglycoside","C",1,"top","Y",9.39666666666667,0.247857485933618,3,0.143100586224438
"83","AY416","ant6-ib","Aminoglycoside","C",1,"top","Y",9.29,0.0721110255092802,3,0.0416333199893229
"84","AY432","blaCTX-M","Beta Lactam","C",1,"top","Y",17.405,2.04353859762912,2,1.445
"85","AY457","qnrB4","Quinolone","C",1,"top","Y",11.405,0.968736290225571,2,0.685
"86","AY458","qnrB_2","Quinolone","C",1,"top","Y",14.2533333333333,0.368284310463171,3,0.212629045784228
"87","AY459","qnrD","Quinolone","C",1,"top","Y",11.5266666666667,0.480138868800823,3,0.277208305150558
"88","AY46","ermF_1","MLSB","C",1,"top","Y",5.08,0.144222051018558,3,0.0832666399786447
"89","AY466","mcr1","Other","C",1,"top","Y",17.95,5.04874241767195,2,3.57
"90","AY487","cefa_qacelta","MDR","C",1,"top","Y",9.42333333333333,0.210317220724632,3,0.12142670400058
"91","AY489","qacF/H","MDR","C",1,"top","Y",9.65333333333333,0.112398102000582,3,0.0648930744464389
"92","AY492","copA","MDR","C",1,"top","Y",13.3966666666667,0.988955678144037,3,0.570973826993068
"93","AY493","czcA","MDR","C",1,"top","Y",10.24,0.636396103067894,2,0.450000000000001
"94","AY528","ereA","MLSB","C",1,"top","Y",10.5866666666667,0.321921315438003,3,0.18586135812601
"95","AY533","ermB_2","MLSB","C",1,"top","Y",7.52,0.268700576850887,2,0.19
"96","AY536","lnuB","MLSB","C",1,"top","Y",7.41,0.216564078277077,3,0.125033328890074
"97","AY537","lnuC","MLSB","C",1,"top","Y",10.9633333333333,0.73819599926668,3,0.426197658891322
"98","AY538","mefA","MLSB","C",1,"top","Y",8.63333333333333,0.232880512996114,3,0.134453626867324
"99","AY553","msrE","MLSB","C",1,"top","Y",5.43333333333333,0.123423390543824,3,0.0712585277547729
"100","AY562","catQ","Phenicol","C",1,"top","Y",12.56,0.226274169979695,2,0.16
"101","AY566","floR","Phenicol","C",1,"top","Y",15.81,2.77185858225126,2,1.96
"102","AY572","tetG","Tetracycline","C",1,"top","Y",7.39666666666667,0.170391705588427,3,0.098375697089158
"103","AY574","tetM","Tetracycline","C",1,"top","Y",8.46,0.242693221990231,3,0.140118997046557
"104","AY586","dfrA27","Trimethoprim","C",1,"top","Y",20.11,2.98399061660723,2,2.11
"105","AY601","blaOXA48","Beta Lactam","C",1,"top","Y",20.38,1.31521861300698,2,0.93
"106","AY126","blaSFO","Beta Lactam","D",1,"bottom","X",14.455,2.22738636073763,2,1.575
"107","AY138","penA","Beta Lactam","D",1,"bottom","X",18.98,3.95979797464466,2,2.8
"108","AY159","vanB_1","Vancomycin","D",1,"bottom","X",16.58,1.34350288425444,2,0.950000000000001
"109","AY191","merA","Other","D",1,"bottom","X",9.55,0.0099999999999989,3,0.00577350269189562
"110","AY198","crAss64","Other","D",1,"bottom","X",12.52,1.22755855257499,3,0.708731260775196
"111","AY207","acrA_1","MDR","D",1,"bottom","X",14.76,0.0848528137423864,2,0.0600000000000005
"112","AY208","emrD_1","MDR","D",1,"bottom","X",18.9666666666667,0.427239199200324,3,0.246666666666667
"113","AY218","qacE∆1_1","Other","D",1,"bottom","X",9.97333333333333,0.231804515342849,3,0.133832399332565
"114","AY224","oprD","MDR","D",1,"bottom","X",13.81,0.141421356237309,2,0.0999999999999996
"115","AY236","qacE∆1_3","Other","D",1,"bottom","X",9.63333333333333,0.203059925473574,3,0.117236702633793
"116","AY24","strB","Aminoglycoside","D",1,"bottom","X",7.22,0.104403065089105,3,0.0602771377334167
"117","AY241","sul4","Sulfonamide","D",1,"bottom","X",9.20333333333333,0.308922859842603,3,0.178356696288956
"118","AY244","sul3_1","Sulfonamide","D",1,"bottom","X",10.28,0.764460594144655,3,0.441361529814278
"119","AY245","sul1_2","Sulfonamide","D",1,"bottom","X",9.41666666666667,0.205993527406404,3,0.118930418499408
"120","AY254","tetA_2","Tetracycline","D",1,"bottom","X",11.3766666666667,0.673523075575985,3,0.38885872898922
"121","AY263","tetW","Tetracycline","D",1,"bottom","X",6.95,0.0964365076099285,3,0.0556776436282996
"122","AY268","tetC_2","Tetracycline","D",1,"bottom","X",13.505,0.459619407771257,2,0.325000000000001
"123","AY284","dfrA1_1","Trimethoprim","D",1,"bottom","X",14.77,0.127279220613577,2,0.089999999999999
"124","AY289","intI1_2","Integrons","D",1,"bottom","X",7.80666666666667,0.105039675043925,3,0.0606446846622011
"125","AY29","catB3","Phenicol","D",1,"bottom","X",14.2366666666667,1.19399888330489,3,0.689355576688194
"126","AY293","intI1_1","Integrons","D",1,"bottom","X",7.22,0.206639783197718,3,0.119303534454489
"127","AY300","tnpA_2","MGE","D",1,"bottom","X",6.35,0.104403065089106,3,0.0602771377334175
"128","AY309","ISPps","MGE","D",1,"bottom","X",6.18,0.0458257569495584,3,0.0264575131106459
"129","AY328","aadA5_2","Aminoglycoside","D",1,"bottom","X",13.5266666666667,0.780085465403203,3,0.450382553441454
"130","AY331","aadA2_3","Aminoglycoside","D",1,"bottom","X",9.13,0.0888819441731557,3,0.0513160143944687
"131","AY339","blaCMY_2","Beta Lactam","D",1,"bottom","X",14.7633333333333,1.45514031396747,3,0.840125651977793
"132","AY353","tolC_2","MDR","D",1,"bottom","X",16.985,1.29400540957138,2,0.914999999999999
"133","AY365","sul2_2","Sulfonamide","D",1,"bottom","X",8.55,0.104403065089105,3,0.060277137733417
"134","AY37","cmxA","Phenicol","D",1,"bottom","X",8.32666666666667,0.0416333199893225,3,0.0240370085030932
"135","AY409","aadA16","Aminoglycoside","D",1,"bottom","X",10.4233333333333,0.719050299585039,3,0.415143884026303
"136","AY410","aadA1_2","Aminoglycoside","D",1,"bottom","X",8.79333333333333,0.172433562085035,3,0.0995545634871209
"137","AY416","ant6-ib","Aminoglycoside","D",1,"bottom","X",9.98333333333333,0.532008771857508,3,0.307155407643175
"138","AY418","aph(3'')-ia","Aminoglycoside","D",1,"bottom","X",12.97,0.961665222413707,2,0.680000000000001
"139","AY432","blaCTX-M","Beta Lactam","D",1,"bottom","X",19.975,0.275771644662751,2,0.194999999999999
"140","AY438","blaSHV11","Beta Lactam","D",1,"bottom","X",19.825,3.33047293938864,2,2.355
"141","AY439","blaTEM","Beta Lactam","D",1,"bottom","X",13.9933333333333,0.787993231781425,3,0.454948104488609
"142","AY457","qnrB4","Quinolone","D",1,"bottom","X",11.66,0.749866654812707,3,0.43293571501244
"143","AY458","qnrB_2","Quinolone","D",1,"bottom","X",15.7566666666667,3.3231360690368,3,1.91861350401215
"144","AY459","qnrD","Quinolone","D",1,"bottom","X",6.46666666666667,0.270061721340387,3,0.155920207513686
"145","AY46","ermF_1","MLSB","D",1,"bottom","X",5.25666666666667,0.19035055380359,3,0.109898943478897
"146","AY466","mcr1","Other","D",1,"bottom","X",17.705,1.9869700551342,2,1.405
"147","AY487","cefa_qacelta","MDR","D",1,"bottom","X",9.51,0.207846096908265,3,0.12
"148","AY489","qacF/H","MDR","D",1,"bottom","X",9.58333333333333,0.522525916422654,3,0.301680478505175
"149","AY492","copA","MDR","D",1,"bottom","X",12.9466666666667,1.06142985323258,3,0.612816811489735
"150","AY493","czcA","MDR","D",1,"bottom","X",10.8533333333333,0.128582010146572,3,0.0742368581710668
"151","AY495","pcoA","MDR","D",1,"bottom","X",14.705,1.59099025766973,2,1.125
"152","AY528","ereA","MLSB","D",1,"bottom","X",10.43,0.381837661840734,2,0.269999999999999
"153","AY533","ermB_2","MLSB","D",1,"bottom","X",7.38666666666667,0.0288675134594802,3,0.016666666666666
"154","AY536","lnuB","MLSB","D",1,"bottom","X",7.69333333333333,0.175023807904334,3,0.101050042608161
"155","AY537","lnuC","MLSB","D",1,"bottom","X",13.1166666666667,0.835124741181421,3,0.48215949412801
"156","AY538","mefA","MLSB","D",1,"bottom","X",8.35333333333333,0.259293913027927,3,0.149703410485905
"157","AY545","ermC_2","MLSB","D",1,"bottom","X",17.1333333333333,1.50111069989303,3,0.866666666666666
"158","AY553","msrE","MLSB","D",1,"bottom","X",3.09333333333333,0.205993527406404,3,0.118930418499408
"159","AY562","catQ","Phenicol","D",1,"bottom","X",12.9466666666667,0.889962546028389,3,0.513820115518175
"160","AY566","floR","Phenicol","D",1,"bottom","X",12.14,0.25238858928248,3,0.14571661996263
"161","AY572","tetG","Tetracycline","D",1,"bottom","X",7.15666666666667,0.170391705588427,3,0.0983756970891577
"162","AY574","tetM","Tetracycline","D",1,"bottom","X",8.54333333333333,0.625646332470138,3,0.361217078469136
"163","AY111","cphA_1","Beta Lactam","E",1,"middle","X",8.76,0.0424264068711919,2,0.0299999999999994
"164","AY142","ttgB","Other","E",1,"middle","X",13.43,0.608111831820429,2,0.429999999999999
"165","AY159","vanB_1","Vancomycin","E",1,"middle","X",16.6466666666667,0.590028247911346,3,0.340652967761099
"166","AY191","merA","Other","E",1,"middle","X",9.54666666666667,0.463069469230409,3,0.267353282713674
"167","AY198","crAss64","Other","E",1,"middle","X",13.2333333333333,0.446019431564739,3,0.257509438877706
"168","AY207","acrA_1","MDR","E",1,"middle","X",15.14,0.644903093495448,3,0.372334974630819
"169","AY218","qacE∆1_1","Other","E",1,"middle","X",9.93,0.147986485869486,3,0.0854400374531747
"170","AY224","oprD","MDR","E",1,"middle","X",14.065,2.04353859762912,2,1.445
"171","AY236","qacE∆1_3","Other","E",1,"middle","X",9.86,0.324191301548946,3,0.187171935218219
"172","AY24","strB","Aminoglycoside","E",1,"middle","X",7.415,0.0636396103067892,2,0.0449999999999999
"173","AY241","sul4","Sulfonamide","E",1,"middle","X",9.48,0.227156333832012,3,0.131148770486041
"174","AY244","sul3_1","Sulfonamide","E",1,"middle","X",10.0766666666667,0.0986576572463245,3,0.0569600249687833
"175","AY245","sul1_2","Sulfonamide","E",1,"middle","X",9.53666666666667,0.14571661996263,3,0.0841295297608267
"176","AY254","tetA_2","Tetracycline","E",1,"middle","X",11.5366666666667,0.14571661996263,3,0.0841295297608267
"177","AY263","tetW","Tetracycline","E",1,"middle","X",7.21666666666667,0.161658075373095,3,0.0933333333333331
"178","AY268","tetC_2","Tetracycline","E",1,"middle","X",14.095,0.205060966544099,2,0.145
"179","AY284","dfrA1_1","Trimethoprim","E",1,"middle","X",15.375,0.530330085889911,2,0.375
"180","AY289","intI1_2","Integrons","E",1,"middle","X",8.04666666666667,0.202566861389846,3,0.116952031952325
"181","AY29","catB3","Phenicol","E",1,"middle","X",15.9733333333333,1.34075849179982,3,0.774087276158904
"182","AY293","intI1_1","Integrons","E",1,"middle","X",7.19333333333334,0.257164020293145,3,0.148473716342134
"183","AY300","tnpA_2","MGE","E",1,"middle","X",6.73666666666667,0.150443787951956,3,0.0868587614719689
"184","AY309","ISPps","MGE","E",1,"middle","X",6.86666666666667,0.0808290376865476,3,0.0466666666666667
"185","AY328","aadA5_2","Aminoglycoside","E",1,"middle","X",13.38,0.53113086899558,3,0.306648550189518
"186","AY331","aadA2_3","Aminoglycoside","E",1,"middle","X",9.14666666666667,0.145716619962629,3,0.0841295297608263
"187","AY353","tolC_2","MDR","E",1,"middle","X",16.52,0.848528137423854,2,0.599999999999998
"188","AY365","sul2_2","Sulfonamide","E",1,"middle","X",8.42,0.200748598998847,3,0.115902257671425
"189","AY37","cmxA","Phenicol","E",1,"middle","X",8.52,0.219317121994613,3,0.126622799421484
"190","AY389","aph6-ia","Aminoglycoside","E",1,"middle","X",14.205,0.0212132034355985,2,0.0150000000000015
"191","AY409","aadA16","Aminoglycoside","E",1,"middle","X",10.3433333333333,0.332465537061111,3,0.191949067318506
"192","AY410","aadA1_2","Aminoglycoside","E",1,"middle","X",8.77666666666667,0.102143689640297,3,0.058972686709847
"193","AY416","ant6-ib","Aminoglycoside","E",1,"middle","X",9.97,0.300499584026335,3,0.173493515728975
"194","AY418","aph(3'')-ia","Aminoglycoside","E",1,"middle","X",12.5966666666667,0.999316433034768,3,0.57695561161824
"195","AY432","blaCTX-M","Beta Lactam","E",1,"middle","X",20.29,2.54558441227157,2,1.8
"196","AY457","qnrB4","Quinolone","E",1,"middle","X",10.875,0.275771644662753,2,0.194999999999999
"197","AY458","qnrB_2","Quinolone","E",1,"middle","X",13.6866666666667,0.498932193121805,3,0.288058636006244
"198","AY459","qnrD","Quinolone","E",1,"middle","X",7.02333333333333,0.0503322295684707,3,0.0290593262902706
"199","AY46","ermF_1","MLSB","E",1,"middle","X",5.49666666666667,0.106926766215636,3,0.0617341972581736
"200","AY465","bacA","Other","E",1,"middle","X",15.19,0.127279220613578,2,0.0899999999999999
"201","AY466","mcr1","Other","E",1,"middle","X",16.78,2.91484133358919,3,1.68288442859277
"202","AY487","cefa_qacelta","MDR","E",1,"middle","X",9.76,0.0624499799839834,3,0.0360555127546395
"203","AY489","qacF/H","MDR","E",1,"middle","X",9.80666666666667,0.173877351409933,3,0.100388135642504
"204","AY492","copA","MDR","E",1,"middle","X",13.07,0.336005952328229,3,0.193993127026019
"205","AY493","czcA","MDR","E",1,"middle","X",10.9433333333333,0.260832002126528,3,0.15059142664102
"206","AY495","pcoA","MDR","E",1,"middle","X",13.93,0.664680374315357,2,0.470000000000002
"207","AY528","ereA","MLSB","E",1,"middle","X",10.6433333333333,0.996209482655799,3,0.575161812980584
"208","AY533","ermB_2","MLSB","E",1,"middle","X",7.495,0.0353553390593279,2,0.0250000000000004
"209","AY536","lnuB","MLSB","E",1,"middle","X",7.63,0.0953939201416943,3,0.0550757054728609
"210","AY537","lnuC","MLSB","E",1,"middle","X",12.9833333333333,0.506392469664917,3,0.292365828676639
"211","AY538","mefA","MLSB","E",1,"middle","X",8.41333333333333,0.153079500042734,3,0.0883804905570859
"212","AY545","ermC_2","MLSB","E",1,"middle","X",18.02,1.63899359364215,3,0.946273392489365
"213","AY553","msrE","MLSB","E",1,"middle","X",3,0.117898261225516,3,0.0680685928555406
"214","AY562","catQ","Phenicol","E",1,"middle","X",12.2166666666667,0.187705443004015,3,0.108371788046726
"215","AY566","floR","Phenicol","E",1,"middle","X",12.26,0.546168472176856,3,0.315330514434195
"216","AY572","tetG","Tetracycline","E",1,"middle","X",7.38,0.225166604983955,3,0.13
"217","AY574","tetM","Tetracycline","E",1,"middle","X",9.39666666666667,0.261023626006025,3,0.150702060739431
"218","AY595","vanA","Vancomycin","E",1,"middle","X",12.76,0.493862328994631,3,0.285131548587665
"219","AY601","blaOXA48","Beta Lactam","E",1,"middle","X",17.5433333333333,0.819410357106458,3,0.473086790252181
"220","AY111","cphA_1","Beta Lactam","F",1,"top","X",9.205,0.318198051533945,2,0.224999999999999
"221","AY125","blaGES","Beta Lactam","F",1,"top","X",15.855,1.19501046020526,2,0.845
"222","AY126","blaSFO","Beta Lactam","F",1,"top","X",16.88,1.56942664690007,3,0.906108897061129
"223","AY142","ttgB","Other","F",1,"top","X",12.6733333333333,0.394630628985299,3,0.227840099875133
"224","AY191","merA","Other","F",1,"top","X",8.79666666666667,0.280237994093116,3,0.161795481326821
"225","AY198","crAss64","Other","F",1,"top","X",12.1733333333333,0.327159492195066,3,0.188885620886763
"226","AY207","acrA_1","MDR","F",1,"top","X",15.42,0.735391052434008,2,0.519999999999999
"227","AY218","qacE∆1_1","Other","F",1,"top","X",9.66333333333333,0.160104132780305,3,0.0924361641590809
"228","AY236","qacE∆1_3","Other","F",1,"top","X",9.58,0.330454232837165,3,0.190787840283389
"229","AY24","strB","Aminoglycoside","F",1,"top","X",7.27,0.19157244060668,3,0.11060440015358
"230","AY241","sul4","Sulfonamide","F",1,"top","X",9.27333333333333,0.265769323537035,3,0.153441990486452
"231","AY244","sul3_1","Sulfonamide","F",1,"top","X",10.1766666666667,0.128582010146573,3,0.0742368581710669
"232","AY245","sul1_2","Sulfonamide","F",1,"top","X",9.23,0.245153013442625,3,0.141539158303748
"233","AY254","tetA_2","Tetracycline","F",1,"top","X",11.5,0.101488915650923,3,0.0585946527708234
"234","AY263","tetW","Tetracycline","F",1,"top","X",7.00666666666667,0.136137185711082,3,0.0785988408170115
"235","AY268","tetC_2","Tetracycline","F",1,"top","X",15.535,0.7990306627408,2,0.565000000000001
"236","AY284","dfrA1_1","Trimethoprim","F",1,"top","X",14.3633333333333,1.41181915744664,3,0.815114170598887
"237","AY289","intI1_2","Integrons","F",1,"top","X",8.06666666666667,0.0115470053837938,3,0.00666666666666741
"238","AY29","catB3","Phenicol","F",1,"top","X",14.9566666666667,1.59694500009654,3,0.921996625686764
"239","AY293","intI1_1","Integrons","F",1,"top","X",7.1,0.350856095856977,3,0.202566861389847
"240","AY300","tnpA_2","MGE","F",1,"top","X",6.6,0.045825756949558,3,0.0264575131106457
"241","AY309","ISPps","MGE","F",1,"top","X",6.77666666666667,0.0404145188432757,3,0.0233333333333344
"242","AY328","aadA5_2","Aminoglycoside","F",1,"top","X",12.3066666666667,0.40153870714208,3,0.231828480658534
"243","AY331","aadA2_3","Aminoglycoside","F",1,"top","X",9.00333333333333,0.197568553503165,3,0.114066257548457
"244","AY353","tolC_2","MDR","F",1,"top","X",16.28,0.650538238691622,2,0.459999999999999
"245","AY365","sul2_2","Sulfonamide","F",1,"top","X",8.18666666666667,0.17214335111567,3,0.0993870101058366
"246","AY37","cmxA","Phenicol","F",1,"top","X",8.59,0.192873015219859,3,0.1113552872566
"247","AY389","aph6-ia","Aminoglycoside","F",1,"top","X",14.54,0.90509667991878,2,0.64
"248","AY409","aadA16","Aminoglycoside","F",1,"top","X",10.2,0.291032644217104,3,0.168027775481714
"249","AY410","aadA1_2","Aminoglycoside","F",1,"top","X",8.76666666666667,0.284487843911359,3,0.164249133263399
"250","AY416","ant6-ib","Aminoglycoside","F",1,"top","X",9.79666666666667,0.471840368486349,3,0.272417163760126
"251","AY418","aph(3'')-ia","Aminoglycoside","F",1,"top","X",12.2833333333333,0.77822447489997,3,0.449308110073453
"252","AY458","qnrB_2","Quinolone","F",1,"top","X",14.515,0.516187950266181,2,0.365000000000001
"253","AY459","qnrD","Quinolone","F",1,"top","X",6.78,0.223383079036887,3,0.128970280814354
"254","AY46","ermF_1","MLSB","F",1,"top","X",5.15666666666667,0.148436293854749,3,0.0856997342145499
"255","AY465","bacA","Other","F",1,"top","X",16.775,0.24748737341529,2,0.174999999999999
"256","AY487","cefa_qacelta","MDR","F",1,"top","X",9.45,0.236431808350739,3,0.136503968196289
"257","AY489","qacF/H","MDR","F",1,"top","X",9.51666666666667,0.335459883344242,3,0.193677853951119
"258","AY492","copA","MDR","F",1,"top","X",12.6833333333333,0.151437555888009,3,0.0874325136573608
"259","AY493","czcA","MDR","F",1,"top","X",10.4833333333333,0.557165445207556,3,0.32167961977374
"260","AY495","pcoA","MDR","F",1,"top","X",14.27,0.348711915483254,3,0.201328918273887
"261","AY528","ereA","MLSB","F",1,"top","X",10.915,0.219203102167833,2,0.155000000000002
"262","AY533","ermB_2","MLSB","F",1,"top","X",7.37333333333333,0.023094010767584,3,0.0133333333333328
"263","AY536","lnuB","MLSB","F",1,"top","X",7.3,0.343947670438399,3,0.198578280114754
"264","AY537","lnuC","MLSB","F",1,"top","X",12.15,1.3912943613772,3,0.803264174063136
"265","AY538","mefA","MLSB","F",1,"top","X",8.60333333333333,0.366378674779705,3,0.211528826509401
"266","AY545","ermC_2","MLSB","F",1,"top","X",19.345,0.615182899632295,2,0.434999999999999
"267","AY553","msrE","MLSB","F",1,"top","X",2.83666666666667,0.135030860670194,3,0.0779601037568432
"268","AY562","catQ","Phenicol","F",1,"top","X",12.0033333333333,0.715145672806131,3,0.412889546704416
"269","AY566","floR","Phenicol","F",1,"top","X",11.3966666666667,0.178978583448786,3,0.103333333333334
"270","AY571","tetD","Tetracycline","F",1,"top","X",11.6966666666667,0.18147543451755,3,0.104774890970012
"271","AY572","tetG","Tetracycline","F",1,"top","X",7.71666666666667,0.0321455025366435,3,0.0185592145427669
"272","AY574","tetM","Tetracycline","F",1,"top","X",9.14666666666667,0.118462370959446,3,0.0683942817622773
"273","AY595","vanA","Vancomycin","F",1,"top","X",14.04,0.565685424949239,2,0.4
"274","AY126","blaSFO","Beta Lactam","G",4,"bottom","X",14.1,0.806101730552662,2,0.569999999999999
"275","AY138","penA","Beta Lactam","G",4,"bottom","X",16.82,1.49906637611548,2,1.06
"276","AY142","ttgB","Other","G",4,"bottom","X",19.315,1.68998520703585,2,1.195
"277","AY191","merA","Other","G",4,"bottom","X",9.27333333333333,0.379780638439263,3,0.219266453835916
"278","AY198","crAss64","Other","G",4,"bottom","X",13.995,0.671751442127222,2,0.475000000000001
"279","AY207","acrA_1","MDR","G",4,"bottom","X",17.475,3.20319371877506,2,2.265
"280","AY218","qacE∆1_1","Other","G",4,"bottom","X",9.67,0.181934053986601,3,0.105039675043924
"281","AY224","oprD","MDR","G",4,"bottom","X",13.8766666666667,0.639557138442948,3,0.369248486042183
"282","AY236","qacE∆1_3","Other","G",4,"bottom","X",9.53333333333333,0.136503968196289,3,0.0788106027835796
"283","AY24","strB","Aminoglycoside","G",4,"bottom","X",7.66666666666667,0.128582010146573,3,0.074236858171067
"284","AY241","sul4","Sulfonamide","G",4,"bottom","X",8.66666666666667,0.0404145188432747,3,0.0233333333333339
"285","AY244","sul3_1","Sulfonamide","G",4,"bottom","X",10.37,0.384317577011515,3,0.221885856541903
"286","AY245","sul1_2","Sulfonamide","G",4,"bottom","X",9.03333333333333,0.175023807904335,3,0.101050042608161
"287","AY254","tetA_2","Tetracycline","G",4,"bottom","X",10.92,0.255147016443462,3,0.147309198626563
"288","AY263","tetW","Tetracycline","G",4,"bottom","X",6.91,0.173493515728973,3,0.100166528008777
"289","AY268","tetC_2","Tetracycline","G",4,"bottom","X",14.55,1.70070573586379,3,0.981902914413299
"290","AY289","intI1_2","Integrons","G",4,"bottom","X",7.75,0.121243556529821,3,0.0699999999999995
"291","AY29","catB3","Phenicol","G",4,"bottom","X",14.325,2.04353859762912,2,1.445
"292","AY293","intI1_1","Integrons","G",4,"bottom","X",6.85,0.610245852095695,3,0.352325606979302
"293","AY300","tnpA_2","MGE","G",4,"bottom","X",6.41666666666667,0.186100331362772,3,0.107445076408575
"294","AY309","ISPps","MGE","G",4,"bottom","X",6.64333333333333,0.225018517756502,3,0.129914501799367
"295","AY328","aadA5_2","Aminoglycoside","G",4,"bottom","X",14.9966666666667,0.948173683105228,3,0.547428331179322
"296","AY331","aadA2_3","Aminoglycoside","G",4,"bottom","X",9.23666666666667,0.224796204001166,3,0.129786148892879
"297","AY339","blaCMY_2","Beta Lactam","G",4,"bottom","X",14.555,0.332340187157677,2,0.234999999999999
"298","AY365","sul2_2","Sulfonamide","G",4,"bottom","X",9.02,0.163707055437449,3,0.0945163125250524
"299","AY37","cmxA","Phenicol","G",4,"bottom","X",8.28666666666667,0.208166599946613,3,0.120185042515466
"300","AY389","aph6-ia","Aminoglycoside","G",4,"bottom","X",15.515,1.08187337521542,2,0.765000000000001
"301","AY409","aadA16","Aminoglycoside","G",4,"bottom","X",9.90666666666667,0.378197479279453,3,0.21835241646883
"302","AY410","aadA1_2","Aminoglycoside","G",4,"bottom","X",8.92,0.186815416922693,3,0.107857931249089
"303","AY416","ant6-ib","Aminoglycoside","G",4,"bottom","X",9.87666666666667,0.489931968066316,3,0.282862353647691
"304","AY418","aph(3'')-ia","Aminoglycoside","G",4,"bottom","X",12.26,0.0282842712474638,2,0.0200000000000013
"305","AY457","qnrB4","Quinolone","G",4,"bottom","X",11.18,0.15556349186104,2,0.109999999999999
"306","AY458","qnrB_2","Quinolone","G",4,"bottom","X",18.1333333333333,3.6393726565623,3,2.10119278294761
"307","AY459","qnrD","Quinolone","G",4,"bottom","X",9.05333333333333,0.228983259941273,3,0.132203546767012
"308","AY46","ermF_1","MLSB","G",4,"bottom","X",5.09,0.117898261225516,3,0.0680685928555406
"309","AY465","bacA","Other","G",4,"bottom","X",17.55,3.22440692221066,2,2.28
"310","AY466","mcr1","Other","G",4,"bottom","X",17.74,3.02641702347842,2,2.14
"311","AY487","cefa_qacelta","MDR","G",4,"bottom","X",9.27666666666667,0.170098010962306,3,0.0982061324177073
"312","AY489","qacF/H","MDR","G",4,"bottom","X",9.77666666666667,0.351615320106126,3,0.203005199714469
"313","AY492","copA","MDR","G",4,"bottom","X",12.7433333333333,0.36828431046317,3,0.212629045784227
"314","AY493","czcA","MDR","G",4,"bottom","X",10.3266666666667,0.172143351115671,3,0.0993870101058368
"315","AY495","pcoA","MDR","G",4,"bottom","X",13.37,0.141421356237309,2,0.0999999999999996
"316","AY528","ereA","MLSB","G",4,"bottom","X",10.4,0.664680374315356,2,0.470000000000001
"317","AY533","ermB_2","MLSB","G",4,"bottom","X",7.65,0.156204993518132,3,0.0901849950564571
"318","AY536","lnuB","MLSB","G",4,"bottom","X",7.99333333333333,0.19139836293274,3,0.110503896361671
"319","AY537","lnuC","MLSB","G",4,"bottom","X",14.5133333333333,1.83609186407798,3,1.0600681319823
"320","AY538","mefA","MLSB","G",4,"bottom","X",8.52333333333334,0.552298228616871,3,0.318869530964904
"321","AY553","msrE","MLSB","G",4,"bottom","X",4.59,0.13856406460551,3,0.0800000000000001
"322","AY566","floR","Phenicol","G",4,"bottom","X",11.69,0.305122926047846,3,0.17616280348965
"323","AY571","tetD","Tetracycline","G",4,"bottom","X",13.3233333333333,0.158850034099251,3,0.0917121099479835
"324","AY572","tetG","Tetracycline","G",4,"bottom","X",7,0.180277563773199,3,0.104083299973306
"325","AY574","tetM","Tetracycline","G",4,"bottom","X",9.20666666666667,0.477109351546721,3,0.275459212548387
"326","AY595","vanA","Vancomycin","G",4,"bottom","X",13.35,0.761774244773346,3,0.439810565281615
"327","AY126","blaSFO","Beta Lactam","H",8,"bottom","X",14.58,2.54053144046674,3,1.46677651103818
"328","AY138","penA","Beta Lactam","H",8,"bottom","X",17.275,1.77483802077824,2,1.255
"329","AY142","ttgB","Other","H",8,"bottom","X",15.3233333333333,2.52298104101742,3,1.45664378319173
"330","AY191","merA","Other","H",8,"bottom","X",8.77666666666667,0.673523075575984,3,0.388858728989219
"331","AY198","crAss64","Other","H",8,"bottom","X",13.01,1.31053424220811,3,0.756637297521077
"332","AY207","acrA_1","MDR","H",8,"bottom","X",15.2766666666667,0.50934598588124,3,0.29407104205919
"333","AY208","emrD_1","MDR","H",8,"bottom","X",18.19,2.34759451353934,2,1.66
"334","AY218","qacE∆1_1","Other","H",8,"bottom","X",9.20333333333333,0.277908857961263,3,0.160450753954117
"335","AY224","oprD","MDR","H",8,"bottom","X",12.7033333333333,0.362261415739149,3,0.209151725894013
"336","AY236","qacE∆1_3","Other","H",8,"bottom","X",9.01333333333333,0.249466096560902,3,0.144029318003122
"337","AY24","strB","Aminoglycoside","H",8,"bottom","X",7.44,0.0599999999999987,3,0.0346410161513768
"338","AY241","sul4","Sulfonamide","H",8,"bottom","X",8.91666666666667,0.180369990112916,3,0.104136662345422
"339","AY244","sul3_1","Sulfonamide","H",8,"bottom","X",9.93,0.194679223339319,3,0.112398102000583
"340","AY245","sul1_2","Sulfonamide","H",8,"bottom","X",8.92333333333333,0.380701107607179,3,0.219797886957794
"341","AY254","tetA_2","Tetracycline","H",8,"bottom","X",11.37,0.26457513110646,3,0.152752523165195
"342","AY263","tetW","Tetracycline","H",8,"bottom","X",6.77666666666667,0.219393102292058,3,0.126666666666667
"343","AY268","tetC_2","Tetracycline","H",8,"bottom","X",15.305,0.176776695296637,2,0.125
"344","AY284","dfrA1_1","Trimethoprim","H",8,"bottom","X",13.82,0.0989949493661171,2,0.0700000000000003
"345","AY289","intI1_2","Integrons","H",8,"bottom","X",7.95666666666667,0.128582010146573,3,0.0742368581710671
"346","AY293","intI1_1","Integrons","H",8,"bottom","X",6.46333333333333,0.341223289552946,3,0.197005358077163
"347","AY300","tnpA_2","MGE","H",8,"bottom","X",6.63666666666667,0.172143351115671,3,0.0993870101058368
"348","AY309","ISPps","MGE","H",8,"bottom","X",6.57666666666667,0.125033328890072,3,0.0721880260923581
"349","AY328","aadA5_2","Aminoglycoside","H",8,"bottom","X",13.6,0.560267793113256,3,0.323470761172216
"350","AY331","aadA2_3","Aminoglycoside","H",8,"bottom","X",8.54666666666667,0.32501282025996,3,0.187646239267167
"351","AY353","tolC_2","MDR","H",8,"bottom","X",14.09,0.0141421356237294,2,0.0099999999999989
"352","AY365","sul2_2","Sulfonamide","H",8,"bottom","X",8.92666666666667,0.395263625107766,3,0.228205560356836
"353","AY37","cmxA","Phenicol","H",8,"bottom","X",8.27,0.437149859887888,3,0.25238858928248
"354","AY381","vanTC_2","Vancomycin","H",8,"bottom","X",15.8433333333333,1.36287685919651,3,0.786857321529414
"355","AY409","aadA16","Aminoglycoside","H",8,"bottom","X",9.71,0.45133136385587,3,0.260576284415908
"356","AY410","aadA1_2","Aminoglycoside","H",8,"bottom","X",8.18333333333333,0.171561456432771,3,0.0990510530540246
"357","AY416","ant6-ib","Aminoglycoside","H",8,"bottom","X",10.04,1.14764977236089,3,0.662595905007972
"358","AY418","aph(3'')-ia","Aminoglycoside","H",8,"bottom","X",11.21,1.14175303809537,3,0.659191423892433
"359","AY438","blaSHV11","Beta Lactam","H",8,"bottom","X",18.195,3.30218866814117,2,2.335
"360","AY459","qnrD","Quinolone","H",8,"bottom","X",7.82,0.269072480941475,3,0.155349069303081
"361","AY46","ermF_1","MLSB","H",8,"bottom","X",5.23,0.270554985169372,3,0.156204993518132
"362","AY466","mcr1","Other","H",8,"bottom","X",16.13,0.579827560572969,2,0.41
"363","AY487","cefa_qacelta","MDR","H",8,"bottom","X",9.00333333333333,0.34961884007206,3,0.201852531429368
"364","AY489","qacF/H","MDR","H",8,"bottom","X",9.38,0.215174347913498,3,0.12423096769056
"365","AY492","copA","MDR","H",8,"bottom","X",12.3266666666667,0.360046293319808,3,0.207872824368918
"366","AY493","czcA","MDR","H",8,"bottom","X",10.32,0.546717477313464,3,0.315647482697602
"367","AY533","ermB_2","MLSB","H",8,"bottom","X",7.29666666666667,0.18583146486355,3,0.107289846262873
"368","AY536","lnuB","MLSB","H",8,"bottom","X",7.7,0.280000000000001,3,0.161658075373096
"369","AY537","lnuC","MLSB","H",8,"bottom","X",12.1533333333333,1.70687824209383,3,0.985466612546789
"370","AY538","mefA","MLSB","H",8,"bottom","X",8.39666666666667,0.469183688264344,3,0.270883328718801
"371","AY553","msrE","MLSB","H",8,"bottom","X",3.98,0.190787840283389,3,0.110151410945722
"372","AY562","catQ","Phenicol","H",8,"bottom","X",11.445,0.459619407771256,2,0.325
"373","AY566","floR","Phenicol","H",8,"bottom","X",12.1366666666667,0.277368587502862,3,0.160138828659524
"374","AY571","tetD","Tetracycline","H",8,"bottom","X",12.435,0.530330085889909,2,0.374999999999999
"375","AY572","tetG","Tetracycline","H",8,"bottom","X",7.08333333333333,0.206478408879315,3,0.119210364948318
"376","AY574","tetM","Tetracycline","H",8,"bottom","X",8.75666666666667,0.33842773723992,3,0.195391345196704
"377","AY595","vanA","Vancomycin","H",8,"bottom","X",12.265,0.134350288425446,2,0.0950000000000015
"378","AY601","blaOXA48","Beta Lactam","H",8,"bottom","X",20.965,1.40714249456123,2,0.994999999999999
"379","AY125","blaGES","Beta Lactam","I",11,"bottom","X",15.91,0.149331845230682,3,0.0862167810425176
"380","AY126","blaSFO","Beta Lactam","I",11,"bottom","X",15.305,0.049497474683061,2,0.0350000000000019
"381","AY129","blaVIM","Beta Lactam","I",11,"bottom","X",19.66,1.61220346110533,2,1.14
"382","AY142","ttgB","Other","I",11,"bottom","X",18.11,0.692964645562817,2,0.49
"383","AY191","merA","Other","I",11,"bottom","X",9.08666666666667,0.277908857961263,3,0.160450753954116
"384","AY198","crAss64","Other","I",11,"bottom","X",12.0766666666667,0.525388744962561,3,0.303333333333334
"385","AY207","acrA_1","MDR","I",11,"bottom","X",19.81,0.505074251966973,3,0.291604755333881
"386","AY208","emrD_1","MDR","I",11,"bottom","X",19.23,0.268700576850885,2,0.189999999999998
"387","AY218","qacE∆1_1","Other","I",11,"bottom","X",8.95666666666667,0.0577350269189624,3,0.0333333333333332
"388","AY236","qacE∆1_3","Other","I",11,"bottom","X",8.48666666666667,0.14571661996263,3,0.0841295297608266
"389","AY24","strB","Aminoglycoside","I",11,"bottom","X",7.17333333333333,0.0971253485622222,3,0.0560753461375352
"390","AY241","sul4","Sulfonamide","I",11,"bottom","X",9.59333333333333,0.489523577913601,3,0.282626569483086
"391","AY244","sul3_1","Sulfonamide","I",11,"bottom","X",9.85666666666667,0.205020324195757,3,0.118368539363765
"392","AY245","sul1_2","Sulfonamide","I",11,"bottom","X",8.74333333333333,0.0404145188432729,3,0.0233333333333328
"393","AY254","tetA_2","Tetracycline","I",11,"bottom","X",11.2033333333333,0.37004504230341,3,0.21364560478616
"394","AY263","tetW","Tetracycline","I",11,"bottom","X",6.87,0.0458257569495594,3,0.0264575131106465
"395","AY284","dfrA1_1","Trimethoprim","I",11,"bottom","X",13.9333333333333,0.725970614648647,3,0.419139329791154
"396","AY289","intI1_2","Integrons","I",11,"bottom","X",7.49333333333333,0.235442845152138,3,0.135932990027358
"397","AY293","intI1_1","Integrons","I",11,"bottom","X",6.53333333333333,0.111504857891187,3,0.0643773597194279
"398","AY300","tnpA_2","MGE","I",11,"bottom","X",6.53666666666667,0.0832666399786452,3,0.0480740170061865
"399","AY309","ISPps","MGE","I",11,"bottom","X",6.67,0.0781024967590659,3,0.0450924975282286
"400","AY328","aadA5_2","Aminoglycoside","I",11,"bottom","X",14.0166666666667,2.47770727353603,3,1.43050496134912
"401","AY331","aadA2_3","Aminoglycoside","I",11,"bottom","X",8.32666666666667,0.198578280114754,3,0.114649223479466
"402","AY353","tolC_2","MDR","I",11,"bottom","X",14.47,0.14142135623731,2,0.100000000000001
"403","AY365","sul2_2","Sulfonamide","I",11,"bottom","X",8.79333333333333,0.0873689494805421,3,0.0504424865014058
"404","AY37","cmxA","Phenicol","I",11,"bottom","X",8.07333333333333,0.380175398116887,3,0.219494368442058
"405","AY381","vanTC_2","Vancomycin","I",11,"bottom","X",17.755,2.60922402257835,2,1.845
"406","AY389","aph6-ia","Aminoglycoside","I",11,"bottom","X",14.905,0.332340187157677,2,0.234999999999999
"407","AY409","aadA16","Aminoglycoside","I",11,"bottom","X",8.82333333333333,0.0404145188432739,3,0.0233333333333334
"408","AY410","aadA1_2","Aminoglycoside","I",11,"bottom","X",8.03333333333333,0.0907377172587752,3,0.052387445485006
"409","AY416","ant6-ib","Aminoglycoside","I",11,"bottom","X",10.48,0.0458257569495592,3,0.0264575131106464
"410","AY418","aph(3'')-ia","Aminoglycoside","I",11,"bottom","X",10.5333333333333,0.708684226812854,3,0.409159029120843
"411","AY432","blaCTX-M","Beta Lactam","I",11,"bottom","X",18.555,1.42128463018496,2,1.005
"412","AY458","qnrB_2","Quinolone","I",11,"bottom","X",16.0566666666667,3.29396923685291,3,1.90177402559937
"413","AY459","qnrD","Quinolone","I",11,"bottom","X",8.8,0.324499614791758,3,0.187349939951952
"414","AY46","ermF_1","MLSB","I",11,"bottom","X",5.58,0.0360555127546384,3,0.0208166599946605
"415","AY466","mcr1","Other","I",11,"bottom","X",16.695,0.784888527117067,2,0.555
"416","AY487","cefa_qacelta","MDR","I",11,"bottom","X",8.58666666666667,0.193476958145754,3,0.111703973867441
"417","AY489","qacF/H","MDR","I",11,"bottom","X",9.14666666666667,0.202319878739914,3,0.116809436452902
"418","AY492","copA","MDR","I",11,"bottom","X",11.7566666666667,0.911939325467069,3,0.526508415043018
"419","AY493","czcA","MDR","I",11,"bottom","X",10.5766666666667,0.0152752523165186,3,0.00881917103688144
"420","AY495","pcoA","MDR","I",11,"bottom","X",14.205,0.106066017177982,2,0.0750000000000002
"421","AY533","ermB_2","MLSB","I",11,"bottom","X",7.58,0.259999999999998,3,0.150111069989302
"422","AY536","lnuB","MLSB","I",11,"bottom","X",7.6,0.088881944173156,3,0.0513160143944689
"423","AY537","lnuC","MLSB","I",11,"bottom","X",12.0866666666667,0.270616579930599,3,0.156240555270107
"424","AY538","mefA","MLSB","I",11,"bottom","X",8.66666666666667,0.109696551146028,3,0.0633333333333329
"425","AY545","ermC_2","MLSB","I",11,"bottom","X",15.835,0.784888527117069,2,0.555
"426","AY553","msrE","MLSB","I",11,"bottom","X",4.47333333333333,0.0960902353693304,3,0.0554777232569774
"427","AY562","catQ","Phenicol","I",11,"bottom","X",13.1066666666667,0.435239397726508,3,0.25128558343933
"428","AY566","floR","Phenicol","I",11,"bottom","X",11.6933333333333,0.342393535764524,3,0.197681000042436
"429","AY572","tetG","Tetracycline","I",11,"bottom","X",6.71,0.138924439894499,3,0.0802080627701068
"430","AY574","tetM","Tetracycline","I",11,"bottom","X",9.49,0.0781024967590684,3,0.04509249752823
"431","AY111","cphA_1","Beta Lactam","J",15,"bottom","X",9.545,0.0212132034355947,2,0.0149999999999988
"432","AY138","penA","Beta Lactam","J",15,"bottom","X",18.145,0.473761543394986,2,0.334999999999999
"433","AY142","ttgB","Other","J",15,"bottom","X",15.915,0.997020561473033,2,0.705000000000001
"434","AY191","merA","Other","J",15,"bottom","X",9.07666666666667,0.500133315560294,3,0.288752104369436
"435","AY198","crAss64","Other","J",15,"bottom","X",11.96,0.35171010790138,3,0.203059925473574
"436","AY218","qacE∆1_1","Other","J",15,"bottom","X",9.45,0.11,3,0.063508529610859
"437","AY224","oprD","MDR","J",15,"bottom","X",14.385,0.685893577750952,2,0.485
"438","AY236","qacE∆1_3","Other","J",15,"bottom","X",9.04666666666667,0.247857485933616,3,0.143100586224437
"439","AY24","strB","Aminoglycoside","J",15,"bottom","X",7.35,0.0608276253029819,3,0.0351188458428423
"440","AY241","sul4","Sulfonamide","J",15,"bottom","X",8.59,0.219317121994612,3,0.126622799421483
"441","AY244","sul3_1","Sulfonamide","J",15,"bottom","X",10.7533333333333,0.368962509387246,3,0.213020604115606
"442","AY245","sul1_2","Sulfonamide","J",15,"bottom","X",9.17666666666667,0.119303534454488,3,0.0688799277325723
"443","AY254","tetA_2","Tetracycline","J",15,"bottom","X",11.3366666666667,0.453468117218106,3,0.261809939544787
"444","AY263","tetW","Tetracycline","J",15,"bottom","X",6.83,0.0529150262212917,3,0.0305505046330389
"445","AY268","tetC_2","Tetracycline","J",15,"bottom","X",13.575,0.629325035256028,2,0.445
"446","AY289","intI1_2","Integrons","J",15,"bottom","X",8.00333333333333,0.112398102000584,3,0.0648930744464399
"447","AY29","catB3","Phenicol","J",15,"bottom","X",14.61,0.185202591774521,3,0.106926766215636
"448","AY293","intI1_1","Integrons","J",15,"bottom","X",7.02,0.232594066992261,3,0.134288247189892
"449","AY300","tnpA_2","MGE","J",15,"bottom","X",6.65,0.0964365076099289,3,0.0556776436282998
"450","AY309","ISPps","MGE","J",15,"bottom","X",6.62,0.0964365076099302,3,0.0556776436283006
"451","AY328","aadA5_2","Aminoglycoside","J",15,"bottom","X",13.2666666666667,0.378989885529066,3,0.218809912430351
"452","AY331","aadA2_3","Aminoglycoside","J",15,"bottom","X",8.74333333333333,0.210792156716831,3,0.121700908423524
"453","AY353","tolC_2","MDR","J",15,"bottom","X",18.29,1.52735064736294,2,1.08
"454","AY365","sul2_2","Sulfonamide","J",15,"bottom","X",8.77,0.0781024967590659,3,0.0450924975282286
"455","AY37","cmxA","Phenicol","J",15,"bottom","X",8.24,0.0871779788708132,3,0.0503322295684715
"456","AY409","aadA16","Aminoglycoside","J",15,"bottom","X",9.63666666666667,0.600527545857251,3,0.346714740256469
"457","AY410","aadA1_2","Aminoglycoside","J",15,"bottom","X",8.32666666666667,0.208406653764539,3,0.120323637651866
"458","AY416","ant6-ib","Aminoglycoside","J",15,"bottom","X",10.1366666666667,0.255016339345802,3,0.147233752169052
"459","AY418","aph(3'')-ia","Aminoglycoside","J",15,"bottom","X",12.37,1.06226173799116,3,0.613297100379037
"460","AY439","blaTEM","Beta Lactam","J",15,"bottom","X",13.2733333333333,0.0929157324317757,3,0.053644923131437
"461","AY457","qnrB4","Quinolone","J",15,"bottom","X",12.1266666666667,1.09184858535116,3,0.630379074666805
"462","AY458","qnrB_2","Quinolone","J",15,"bottom","X",14.395,0.473761543394987,2,0.335
"463","AY459","qnrD","Quinolone","J",15,"bottom","X",7.68666666666667,0.0838649708360595,3,0.0484194634877791
"464","AY46","ermF_1","MLSB","J",15,"bottom","X",5.52,0.026457513110646,3,0.0152752523165195
"465","AY466","mcr1","Other","J",15,"bottom","X",17.255,1.08187337521542,2,0.765000000000001
"466","AY487","cefa_qacelta","MDR","J",15,"bottom","X",9.19,0.174355957741628,3,0.100664459136944
"467","AY489","qacF/H","MDR","J",15,"bottom","X",9.63666666666667,0.085049005481154,3,0.0491030662088542
"468","AY492","copA","MDR","J",15,"bottom","X",13.0066666666667,0.609289203361863,3,0.351773285575304
"469","AY493","czcA","MDR","J",15,"bottom","X",10.615,0.643467170879758,2,0.455
"470","AY533","ermB_2","MLSB","J",15,"bottom","X",7.79333333333333,0.125033328890073,3,0.0721880260923585
"471","AY536","lnuB","MLSB","J",15,"bottom","X",7.73666666666667,0.320208265560609,3,0.184872328318161
"472","AY537","lnuC","MLSB","J",15,"bottom","X",12.1033333333333,0.60351746729762,3,0.348440972204922
"473","AY538","mefA","MLSB","J",15,"bottom","X",8.82333333333333,0.162583311976763,3,0.0938675189355248
"474","AY553","msrE","MLSB","J",15,"bottom","X",3.14333333333333,0.239652526240249,3,0.138363450536782
"475","AY562","catQ","Phenicol","J",15,"bottom","X",12.47,0.750266619276107,3,0.433166634603051
"476","AY566","floR","Phenicol","J",15,"bottom","X",11.7233333333333,0.748420559133255,3,0.432100811282635
"477","AY571","tetD","Tetracycline","J",15,"bottom","X",13.415,0.615182899632298,2,0.435000000000001
"478","AY572","tetG","Tetracycline","J",15,"bottom","X",7.17,0.141067359796659,3,0.0814452781524711
"479","AY574","tetM","Tetracycline","J",15,"bottom","X",9.26666666666667,0.309246395829172,3,0.178543489877894
"480","AY595","vanA","Vancomycin","J",15,"bottom","X",12.905,0.233345237791561,2,0.165
"481","AY138","penA","Beta Lactam","K",18,"bottom","X",20.9166666666667,1.80705100462973,3,1.04330138396236
"482","AY142","ttgB","Other","K",18,"bottom","X",16.8133333333333,2.14858868407458,3,1.24048825512824
"483","AY191","merA","Other","K",18,"bottom","X",9.12333333333333,0.170098010962308,3,0.0982061324177087
"484","AY198","crAss64","Other","K",18,"bottom","X",12.6533333333333,0.960017360954129,3,0.55426628177358
"485","AY207","acrA_1","MDR","K",18,"bottom","X",16.5766666666667,2.75996980659813,3,1.59346931079467
"486","AY218","qacE∆1_1","Other","K",18,"bottom","X",9.97666666666667,0.0503322295684715,3,0.0290593262902711
"487","AY224","oprD","MDR","K",18,"bottom","X",14.53,1.5980613254816,2,1.13
"488","AY236","qacE∆1_3","Other","K",18,"bottom","X",9.14666666666667,0.309246395829174,3,0.178543489877895
"489","AY24","strB","Aminoglycoside","K",18,"bottom","X",7.43666666666667,0.167431578064994,3,0.0966666666666679
"490","AY241","sul4","Sulfonamide","K",18,"bottom","X",8.57666666666667,0.593408234972632,3,0.34260440420079
"491","AY244","sul3_1","Sulfonamide","K",18,"bottom","X",9.74666666666667,0.421584313433664,3,0.24340181684705
"492","AY245","sul1_2","Sulfonamide","K",18,"bottom","X",9.31333333333333,0.10785793124909,3,0.0622718056408982
"493","AY254","tetA_2","Tetracycline","K",18,"bottom","X",11.51,0.173493515728976,3,0.100166528008779
"494","AY263","tetW","Tetracycline","K",18,"bottom","X",6.62333333333333,0.323470761172218,3,0.186755931037753
"495","AY268","tetC_2","Tetracycline","K",18,"bottom","X",15.125,0.502045814642451,2,0.355000000000001
"496","AY289","intI1_2","Integrons","K",18,"bottom","X",7.98666666666667,0.206478408879316,3,0.119210364948319
"497","AY29","catB3","Phenicol","K",18,"bottom","X",14.78,1.13476869889859,3,0.655159013777063
"498","AY293","intI1_1","Integrons","K",18,"bottom","X",7.2,0.0854400374531761,3,0.0493288286231629
"499","AY300","tnpA_2","MGE","K",18,"bottom","X",6.56666666666667,0.0923760430703412,3,0.053333333333334
"500","AY309","ISPps","MGE","K",18,"bottom","X",6.48,0.249799919935937,3,0.14422205101856
"501","AY328","aadA5_2","Aminoglycoside","K",18,"bottom","X",13.9766666666667,0.545007645206315,3,0.31466031067027
"502","AY331","aadA2_3","Aminoglycoside","K",18,"bottom","X",9.06,0.195192212959432,3,0.112694276695847
"503","AY365","sul2_2","Sulfonamide","K",18,"bottom","X",9.03666666666667,0.297040962382856,3,0.171496679592088
"504","AY37","cmxA","Phenicol","K",18,"bottom","X",8.25333333333333,0.39425034347903,3,0.22762054193572
"505","AY381","vanTC_2","Vancomycin","K",18,"bottom","X",15.36,5.81241774135342,2,4.11
"506","AY389","aph6-ia","Aminoglycoside","K",18,"bottom","X",13.14,1.25865007051206,2,0.890000000000001
"507","AY409","aadA16","Aminoglycoside","K",18,"bottom","X",9.9,0.331511689085017,3,0.191398362932742
"508","AY410","aadA1_2","Aminoglycoside","K",18,"bottom","X",8.50666666666667,0.364737348421208,3,0.210581206294495
"509","AY416","ant6-ib","Aminoglycoside","K",18,"bottom","X",10,0.262297540972078,3,0.151437555888006
"510","AY418","aph(3'')-ia","Aminoglycoside","K",18,"bottom","X",12.27,1.62634559672906,2,1.15
"511","AY439","blaTEM","Beta Lactam","K",18,"bottom","X",13.94,0.466690475583121,2,0.33
"512","AY459","qnrD","Quinolone","K",18,"bottom","X",9.52,0.337194306001748,3,0.194679223339318
"513","AY46","ermF_1","MLSB","K",18,"bottom","X",5.10333333333333,0.168621864932557,3,0.0973538791100684
"514","AY465","bacA","Other","K",18,"bottom","X",16.9366666666667,0.774682730757138,3,0.447263283139188
"515","AY466","mcr1","Other","K",18,"bottom","X",18.39,0.692964645562819,2,0.490000000000002
"516","AY487","cefa_qacelta","MDR","K",18,"bottom","X",9.08666666666667,0.251462389500565,3,0.145181878269217
"517","AY489","qacF/H","MDR","K",18,"bottom","X",10.23,0.305122926047849,3,0.176162803489652
"518","AY492","copA","MDR","K",18,"bottom","X",13.0366666666667,0.350190424388409,3,0.202182535788277
"519","AY493","czcA","MDR","K",18,"bottom","X",10.4733333333333,0.430967902903838,3,0.24881943475362
"520","AY533","ermB_2","MLSB","K",18,"bottom","X",7.48666666666667,0.253837218179945,3,0.146552986246537
"521","AY536","lnuB","MLSB","K",18,"bottom","X",7.65,0.105356537528528,3,0.0608276253029825
"522","AY537","lnuC","MLSB","K",18,"bottom","X",13.295,0.629325035256025,2,0.444999999999999
"523","AY538","mefA","MLSB","K",18,"bottom","X",8.57,0.232594066992261,3,0.134288247189892
"524","AY545","ermC_2","MLSB","K",18,"bottom","X",18.185,3.41532575313103,2,2.415
"525","AY553","msrE","MLSB","K",18,"bottom","X",4.12333333333333,0.132035348802257,3,0.0762306441735293
"526","AY566","floR","Phenicol","K",18,"bottom","X",11.4933333333333,0.292802550079972,3,0.169049631108081
"527","AY571","tetD","Tetracycline","K",18,"bottom","X",13.485,0.813172798364531,2,0.575000000000001
"528","AY572","tetG","Tetracycline","K",18,"bottom","X",7.02,0.0793725393319384,3,0.0458257569495588
"529","AY574","tetM","Tetracycline","K",18,"bottom","X",9.13,0.438634243989227,3,0.253245598842968
"530","AY595","vanA","Vancomycin","K",18,"bottom","X",14.255,1.944543648263,2,1.375
"531","AY601","blaOXA48","Beta Lactam","K",18,"bottom","X",18.655,3.59917351623953,2,2.545
"532","AY111","cphA_1","Beta Lactam","L",22,"bottom","X",8.88,0.692964645562818,2,0.490000000000001
"533","AY142","ttgB","Other","L",22,"bottom","X",14.3433333333333,0.742720225477491,3,0.428809722112009
"534","AY191","merA","Other","L",22,"bottom","X",8.65666666666667,0.445009363197376,3,0.256926275633909
"535","AY198","crAss64","Other","L",22,"bottom","X",13.3133333333333,0.932755773679978,3,0.538526797022313
"536","AY207","acrA_1","MDR","L",22,"bottom","X",13.2733333333333,0.0776745346515399,3,0.0448454134902455
"537","AY218","qacE∆1_1","Other","L",22,"bottom","X",9.34666666666667,0.351188458428425,3,0.202758751009941
"538","AY236","qacE∆1_3","Other","L",22,"bottom","X",8.91333333333333,0.14047538337137,3,0.0811035004039761
"539","AY24","strB","Aminoglycoside","L",22,"bottom","X",7.14333333333333,0.15502687938978,3,0.0895048105473172
"540","AY241","sul4","Sulfonamide","L",22,"bottom","X",7.87666666666667,0.122202018532155,3,0.0705533682950556
"541","AY244","sul3_1","Sulfonamide","L",22,"bottom","X",9.85,0.579741321625428,3,0.334713808100791
"542","AY245","sul1_2","Sulfonamide","L",22,"bottom","X",9.14666666666667,0.179536440126602,3,0.103655412036441
"543","AY254","tetA_2","Tetracycline","L",22,"bottom","X",11.3233333333333,0.320052079095472,3,0.18478215402047
"544","AY263","tetW","Tetracycline","L",22,"bottom","X",6.75,0.121243556529821,3,0.07
"545","AY268","tetC_2","Tetracycline","L",22,"bottom","X",14.77,0.721248916810277,2,0.509999999999999
"546","AY284","dfrA1_1","Trimethoprim","L",22,"bottom","X",16.045,0.0777817459305223,2,0.0550000000000015
"547","AY289","intI1_2","Integrons","L",22,"bottom","X",7.39,0.0899999999999999,3,0.0519615242270662
"548","AY29","catB3","Phenicol","L",22,"bottom","X",14.91,0.824560488987921,3,0.476060220280306
"549","AY293","intI1_1","Integrons","L",22,"bottom","X",6.81,0.423320209770334,3,0.244404037064311
"550","AY300","tnpA_2","MGE","L",22,"bottom","X",6.48333333333333,0.115470053837926,3,0.066666666666667
"551","AY309","ISPps","MGE","L",22,"bottom","X",6.41333333333333,0.207444771766687,3,0.119768294821477
"552","AY328","aadA5_2","Aminoglycoside","L",22,"bottom","X",13.4133333333333,0.72665902136651,3,0.419536781595024
"553","AY331","aadA2_3","Aminoglycoside","L",22,"bottom","X",9.13666666666667,0.27646579052992,3,0.159617598584172
"554","AY365","sul2_2","Sulfonamide","L",22,"bottom","X",7.71333333333333,0.234591844132172,3,0.1354416643594
"555","AY37","cmxA","Phenicol","L",22,"bottom","X",8.24666666666667,0.0351188458428418,3,0.0202758751009937
"556","AY381","vanTC_2","Vancomycin","L",22,"bottom","X",13.225,0.00707106781186532,2,0.00499999999999989
"557","AY409","aadA16","Aminoglycoside","L",22,"bottom","X",10.1133333333333,0.485214729097678,3,0.280138854459316
"558","AY410","aadA1_2","Aminoglycoside","L",22,"bottom","X",8.75,0.25119713374161,3,0.145028732785381
"559","AY416","ant6-ib","Aminoglycoside","L",22,"bottom","X",9.57666666666667,0.408697116864474,3,0.235961390438728
"560","AY418","aph(3'')-ia","Aminoglycoside","L",22,"bottom","X",12.5133333333333,0.988045208142488,3,0.570448166892585
"561","AY438","blaSHV11","Beta Lactam","L",22,"bottom","X",21.975,0.445477272147527,2,0.315000000000001
"562","AY457","qnrB4","Quinolone","L",22,"bottom","X",12.205,0.586898628384834,2,0.415
"563","AY458","qnrB_2","Quinolone","L",22,"bottom","X",12.4866666666667,1.18681646994526,3,0.685208808401578
"564","AY459","qnrD","Quinolone","L",22,"bottom","X",8.64666666666667,0.063508529610858,3,0.0366666666666662
"565","AY46","ermF_1","MLSB","L",22,"bottom","X",5.52,0.223383079036887,3,0.128970280814354
"566","AY466","mcr1","Other","L",22,"bottom","X",16.675,1.50613744392735,2,1.065
"567","AY487","cefa_qacelta","MDR","L",22,"bottom","X",9.01333333333333,0.263122278291546,3,0.151913718201412
"568","AY489","qacF/H","MDR","L",22,"bottom","X",9.44333333333333,0.311822599138249,3,0.180030861551877
"569","AY492","copA","MDR","L",22,"bottom","X",13.62,0.491121166312346,3,0.283548937575156
"570","AY493","czcA","MDR","L",22,"bottom","X",10.62,0.0565685424949239,2,0.04
"571","AY495","pcoA","MDR","L",22,"bottom","X",12.0066666666667,0.626444996255324,3,0.361678187220506
"572","AY533","ermB_2","MLSB","L",22,"bottom","X",7.21333333333333,0.235442845152136,3,0.135932990027357
"573","AY536","lnuB","MLSB","L",22,"bottom","X",7.34666666666667,0.14502873278538,3,0.0837323779138696
"574","AY537","lnuC","MLSB","L",22,"bottom","X",11.43,0.480832611206853,2,0.340000000000001
"575","AY538","mefA","MLSB","L",22,"bottom","X",8.39,0.251197133741609,3,0.145028732785381
"576","AY545","ermC_2","MLSB","L",22,"bottom","X",17.22,3.05470129472589,2,2.16
"577","AY553","msrE","MLSB","L",22,"bottom","X",2.68666666666667,0.237135685491099,3,0.136910351852752
"578","AY562","catQ","Phenicol","L",22,"bottom","X",15.07,3.26683332908185,2,2.31
"579","AY566","floR","Phenicol","L",22,"bottom","X",11.95,0.141421356237308,2,0.0999999999999988
"580","AY572","tetG","Tetracycline","L",22,"bottom","X",6.99333333333333,0.185831464863553,3,0.107289846262875
"581","AY574","tetM","Tetracycline","L",22,"bottom","X",9.12333333333333,0.60135957075059,3,0.347195110052611
"582","AY586","dfrA27","Trimethoprim","L",22,"bottom","X",19.55,2.47487373415291,2,1.75
"583","AY111","cphA_1","Beta Lactam","M",25,"bottom","X",8.28,0.296984848098351,2,0.210000000000001
"584","AY126","blaSFO","Beta Lactam","M",25,"bottom","X",14.885,0.883883476483184,2,0.625
"585","AY138","penA","Beta Lactam","M",25,"bottom","X",18.49,0.226274169979695,2,0.16
"586","AY142","ttgB","Other","M",25,"bottom","X",13.2666666666667,0.0550757054728619,3,0.0317979733805654
"587","AY191","merA","Other","M",25,"bottom","X",8.55333333333333,0.355715241918776,3,0.205372290676658
"588","AY198","crAss64","Other","M",25,"bottom","X",12.0266666666667,0.370720020140987,3,0.214035303422382
"589","AY207","acrA_1","MDR","M",25,"bottom","X",15.0066666666667,0.740090084606822,3,0.427291209572321
"590","AY208","emrD_1","MDR","M",25,"bottom","X",18.445,1.30814754519511,2,0.924999999999999
"591","AY218","qacE∆1_1","Other","M",25,"bottom","X",9.21333333333333,0.110151410945722,3,0.0635959467611299
"592","AY224","oprD","MDR","M",25,"bottom","X",14.07,1.01370607179794,3,0.585263473431697
"593","AY236","qacE∆1_3","Other","M",25,"bottom","X",8.88666666666667,0.213619599600161,3,0.123333333333333
"594","AY24","strB","Aminoglycoside","M",25,"bottom","X",6.88333333333333,0.180092568789868,3,0.103976493069881
"595","AY241","sul4","Sulfonamide","M",25,"bottom","X",7.37,0.180000000000001,3,0.103923048454133
"596","AY244","sul3_1","Sulfonamide","M",25,"bottom","X",9.87,0.138924439894499,3,0.0802080627701068
"597","AY245","sul1_2","Sulfonamide","M",25,"bottom","X",8.72,0.21377558326432,3,0.123423390543825
"598","AY254","tetA_2","Tetracycline","M",25,"bottom","X",11.26,0.14,3,0.0808290376865479
"599","AY263","tetW","Tetracycline","M",25,"bottom","X",6.70333333333333,0.232880512996114,3,0.134453626867325
"600","AY284","dfrA1_1","Trimethoprim","M",25,"bottom","X",14.6433333333333,1.30997455446025,3,0.756314161649186
"601","AY289","intI1_2","Integrons","M",25,"bottom","X",7.75,0.260576284415907,3,0.150443787951956
"602","AY29","catB3","Phenicol","M",25,"bottom","X",13.7366666666667,0.568887803818409,3,0.328447526673254
"603","AY293","intI1_1","Integrons","M",25,"bottom","X",7.15666666666667,0.215715862498179,3,0.124543611281796
"604","AY300","tnpA_2","MGE","M",25,"bottom","X",6.35333333333333,0.106926766215635,3,0.061734197258173
"605","AY309","ISPps","MGE","M",25,"bottom","X",6.20666666666667,0.15502687938978,3,0.0895048105473172
"606","AY328","aadA5_2","Aminoglycoside","M",25,"bottom","X",12.3866666666667,0.263502055652955,3,0.152132982763253
"607","AY331","aadA2_3","Aminoglycoside","M",25,"bottom","X",8.88666666666667,0.0850490054811529,3,0.0491030662088536
"608","AY365","sul2_2","Sulfonamide","M",25,"bottom","X",7.54666666666667,0.230072452356499,3,0.132832392301142
"609","AY37","cmxA","Phenicol","M",25,"bottom","X",8.33666666666667,0.037859388972,3,0.021858128414339
"610","AY389","aph6-ia","Aminoglycoside","M",25,"bottom","X",14.885,0.473761543394988,2,0.335000000000001
"611","AY409","aadA16","Aminoglycoside","M",25,"bottom","X",9.99333333333333,0.269505720409295,3,0.155599200226451
"612","AY410","aadA1_2","Aminoglycoside","M",25,"bottom","X",8.54666666666667,0.170098010962307,3,0.0982061324177079
"613","AY416","ant6-ib","Aminoglycoside","M",25,"bottom","X",9.77333333333333,0.383709959908956,3,0.221535048644176
"614","AY418","aph(3'')-ia","Aminoglycoside","M",25,"bottom","X",12.5466666666667,0.968366321870671,3,0.5590865566062
"615","AY432","blaCTX-M","Beta Lactam","M",25,"bottom","X",20.68,1.10308657865101,2,0.779999999999999
"616","AY457","qnrB4","Quinolone","M",25,"bottom","X",12.3633333333333,0.988197011396681,3,0.570535810542258
"617","AY458","qnrB_2","Quinolone","M",25,"bottom","X",14.035,0.0212132034355972,2,0.0150000000000006
"618","AY459","qnrD","Quinolone","M",25,"bottom","X",8.44,0.0699999999999994,3,0.0404145188432735
"619","AY46","ermF_1","MLSB","M",25,"bottom","X",5.45,0.151327459504215,3,0.0873689494805409
"620","AY466","mcr1","Other","M",25,"bottom","X",16.9,0.410121933088196,2,0.289999999999999
"621","AY487","cefa_qacelta","MDR","M",25,"bottom","X",8.80666666666667,0.344867124170067,3,0.19910912697424
"622","AY489","qacF/H","MDR","M",25,"bottom","X",9.31,0.459999999999999,3,0.265581123827227
"623","AY492","copA","MDR","M",25,"bottom","X",12.7733333333333,0.332014055927355,3,0.191688404564398
"624","AY493","czcA","MDR","M",25,"bottom","X",10.8066666666667,0.463609030685699,3,0.26766479866513
"625","AY495","pcoA","MDR","M",25,"bottom","X",13.64,1.77635683940025e-15,2,1.25607396694702e-15
"626","AY533","ermB_2","MLSB","M",25,"bottom","X",7.28333333333333,0.0680685928555407,3,0.0392994204085055
"627","AY536","lnuB","MLSB","M",25,"bottom","X",7.41333333333333,0.0404145188432745,3,0.0233333333333337
"628","AY537","lnuC","MLSB","M",25,"bottom","X",12.0666666666667,0.577263660153083,3,0.333283329582771
"629","AY538","mefA","MLSB","M",25,"bottom","X",8.27666666666667,0.066583281184794,3,0.0384418753155693
"630","AY553","msrE","MLSB","M",25,"bottom","X",2.85333333333333,0.161658075373095,3,0.0933333333333335
"631","AY562","catQ","Phenicol","M",25,"bottom","X",12.3766666666667,1.22647190482837,3,0.708103884406173
"632","AY566","floR","Phenicol","M",25,"bottom","X",11.2233333333333,0.674116706018574,3,0.389201461685047
"633","AY572","tetG","Tetracycline","M",25,"bottom","X",6.97666666666667,0.196044212700435,3,0.113186178975665
"634","AY574","tetM","Tetracycline","M",25,"bottom","X",9.09333333333333,0.0665832811847931,3,0.0384418753155688
"635","AY595","vanA","Vancomycin","M",25,"bottom","X",12.805,0.912167747730644,2,0.644999999999999
"636","AY111","cphA_1","Beta Lactam","N",29,"bottom","Y",9.07,0.5939696961967,2,0.42
"637","AY125","blaGES","Beta Lactam","N",29,"bottom","Y",15.81,0.763675323681471,2,0.54
"638","AY126","blaSFO","Beta Lactam","N",29,"bottom","Y",15.6433333333333,1.58405597544195,3,0.914555143832844
"639","AY138","penA","Beta Lactam","N",29,"bottom","Y",19.2066666666667,2.09872183324359,3,1.21169761537733
"640","AY142","ttgB","Other","N",29,"bottom","Y",18.1633333333333,2.87524491710416,3,1.66002342687619
"641","AY191","merA","Other","N",29,"bottom","Y",7.96333333333333,0.192959408512082,3,0.111405166447121
"642","AY198","crAss64","Other","N",29,"bottom","Y",12.1533333333333,0.675450466972474,3,0.389971508930816
"643","AY218","qacE∆1_1","Other","N",29,"bottom","Y",9.14333333333333,0.168621864932557,3,0.0973538791100683
"644","AY224","oprD","MDR","N",29,"bottom","Y",14.045,1.03944696834422,2,0.734999999999999
"645","AY236","qacE∆1_3","Other","N",29,"bottom","Y",8.71333333333333,0.0929157324317757,3,0.053644923131437
"646","AY24","strB","Aminoglycoside","N",29,"bottom","Y",7.06333333333333,0.197568553503167,3,0.114066257548458
"647","AY241","sul4","Sulfonamide","N",29,"bottom","Y",7.70333333333333,0.198578280114754,3,0.114649223479466
"648","AY244","sul3_1","Sulfonamide","N",29,"bottom","Y",10.3666666666667,0.358096821171778,3,0.206747296099476
"649","AY245","sul1_2","Sulfonamide","N",29,"bottom","Y",8.57666666666667,0.357258076652347,3,0.2062630467254
"650","AY254","tetA_2","Tetracycline","N",29,"bottom","Y",11.3033333333333,0.397156560229506,3,0.229298446958931
"651","AY263","tetW","Tetracycline","N",29,"bottom","Y",6.78666666666667,0.153731367434671,3,0.0887568463712967
"652","AY284","dfrA1_1","Trimethoprim","N",29,"bottom","Y",14.59,0.749533188057739,2,0.529999999999999
"653","AY289","intI1_2","Integrons","N",29,"bottom","Y",7.31666666666667,0.0814452781524697,3,0.0470224532655523
"654","AY29","catB3","Phenicol","N",29,"bottom","Y",14.71,1.27279220613578,2,0.899999999999999
"655","AY293","intI1_1","Integrons","N",29,"bottom","Y",7.06333333333333,0.493389636426765,3,0.284858639406364
"656","AY300","tnpA_2","MGE","N",29,"bottom","Y",6.29666666666667,0.149777612924406,3,0.0864741451404857
"657","AY309","ISPps","MGE","N",29,"bottom","Y",6.38333333333333,0.0650640709864775,3,0.0375647588986157
"658","AY328","aadA5_2","Aminoglycoside","N",29,"bottom","Y",13.28,0.550545184340032,3,0.31785741037977
"659","AY331","aadA2_3","Aminoglycoside","N",29,"bottom","Y",8.91333333333333,0.115902257671426,3,0.0669161996662831
"660","AY365","sul2_2","Sulfonamide","N",29,"bottom","Y",7.81666666666667,0.233523731841827,3,0.134824989441045
"661","AY37","cmxA","Phenicol","N",29,"bottom","Y",8.3,0.24062418831032,3,0.138924439894499
"662","AY381","vanTC_2","Vancomycin","N",29,"bottom","Y",15.275,1.76069588515451,2,1.245
"663","AY389","aph6-ia","Aminoglycoside","N",29,"bottom","Y",13.695,1.52027957955108,2,1.075
"664","AY409","aadA16","Aminoglycoside","N",29,"bottom","Y",9.92666666666667,0.205993527406405,3,0.118930418499409
"665","AY410","aadA1_2","Aminoglycoside","N",29,"bottom","Y",8.37333333333333,0.23180451534285,3,0.133832399332565
"666","AY416","ant6-ib","Aminoglycoside","N",29,"bottom","Y",9.99666666666667,0.273922130054024,3,0.158149015523686
"667","AY418","aph(3'')-ia","Aminoglycoside","N",29,"bottom","Y",11.86,0.285131548587665,3,0.164620776331543
"668","AY439","blaTEM","Beta Lactam","N",29,"bottom","Y",14.2233333333333,0.642365420405967,3,0.370869848389492
"669","AY457","qnrB4","Quinolone","N",29,"bottom","Y",12.17,0.509116882454313,2,0.359999999999999
"670","AY458","qnrB_2","Quinolone","N",29,"bottom","Y",19.125,6.34274782724333,2,4.485
"671","AY459","qnrD","Quinolone","N",29,"bottom","Y",8.77,0.437149859887887,3,0.252388589282479
"672","AY46","ermF_1","MLSB","N",29,"bottom","Y",5.63666666666667,0.193476958145752,3,0.11170397386744
"673","AY487","cefa_qacelta","MDR","N",29,"bottom","Y",8.70666666666667,0.257940561628709,3,0.148922052691258
"674","AY489","qacF/H","MDR","N",29,"bottom","Y",9.08,0.249799919935936,3,0.144222051018559
"675","AY492","copA","MDR","N",29,"bottom","Y",12.0866666666667,0.0650640709864775,3,0.0375647588986157
"676","AY493","czcA","MDR","N",29,"bottom","Y",10.8866666666667,0.587054795852426,3,0.338936244414459
"677","AY528","ereA","MLSB","N",29,"bottom","Y",11.38,0.381837661840739,2,0.270000000000002
"678","AY533","ermB_2","MLSB","N",29,"bottom","Y",7.33333333333333,0.092915732431777,3,0.0536449231314377
"679","AY536","lnuB","MLSB","N",29,"bottom","Y",7.63666666666667,0.086216781042516,3,0.0497772817435597
"680","AY537","lnuC","MLSB","N",29,"bottom","Y",13.3766666666667,0.205993527406404,3,0.118930418499408
"681","AY538","mefA","MLSB","N",29,"bottom","Y",8.26666666666667,0.12583057392118,3,0.0726483157256785
"682","AY545","ermC_2","MLSB","N",29,"bottom","Y",17.2,1.73283005514101,3,1.00044989879554
"683","AY553","msrE","MLSB","N",29,"bottom","Y",3.53,0.288270706107992,3,0.166433169770932
"684","AY562","catQ","Phenicol","N",29,"bottom","Y",13.0233333333333,0.505206228517952,3,0.291680952031115
"685","AY566","floR","Phenicol","N",29,"bottom","Y",12.3066666666667,0.487476495159851,3,0.281444685704155
"686","AY572","tetG","Tetracycline","N",29,"bottom","Y",6.88,0.298161030317512,3,0.172143351115672
"687","AY574","tetM","Tetracycline","N",29,"bottom","Y",9.29333333333333,0.748086447767456,3,0.431907911995652
"688","AY586","dfrA27","Trimethoprim","N",29,"bottom","Y",20.63,1.52735064736295,2,1.08
"689","AY595","vanA","Vancomycin","N",29,"bottom","Y",13.245,1.63341666454093,2,1.155
"690","AY138","penA","Beta Lactam","O",29,"middle","Y",17.5933333333333,2.27388067702185,3,1.31282562098365
"691","AY142","ttgB","Other","O",29,"middle","Y",16.69,1.7151967817134,3,0.990269323635411
"692","AY159","vanB_1","Vancomycin","O",29,"middle","Y",19.1733333333333,2.66663333312499,3,1.53958147270974
"693","AY191","merA","Other","O",29,"middle","Y",8.47333333333333,0.483356321292412,3,0.279065902212682
"694","AY198","crAss64","Other","O",29,"middle","Y",11.1933333333333,0.207444771766688,3,0.119768294821478
"695","AY218","qacE∆1_1","Other","O",29,"middle","Y",8.79333333333333,0.0896288643983257,3,0.0517472489875338
"696","AY224","oprD","MDR","O",29,"middle","Y",15.39,0.919238815542511,2,0.649999999999999
"697","AY236","qacE∆1_3","Other","O",29,"middle","Y",8.34333333333333,0.0757187779440037,3,0.04371625682868
"698","AY24","strB","Aminoglycoside","O",29,"middle","Y",7.02666666666667,0.174737898961081,3,0.10088497300281
"699","AY241","sul4","Sulfonamide","O",29,"middle","Y",7.92,0.121655250605963,3,0.0702376916856843
"700","AY244","sul3_1","Sulfonamide","O",29,"middle","Y",10.6266666666667,0.24006943440041,3,0.138604152575278
"701","AY245","sul1_2","Sulfonamide","O",29,"middle","Y",8.21666666666667,0.327159492195066,3,0.188885620886763
"702","AY254","tetA_2","Tetracycline","O",29,"middle","Y",11.27,0.209999999999998,3,0.12124355652982
"703","AY263","tetW","Tetracycline","O",29,"middle","Y",7.17333333333333,0.140118997046557,3,0.0808977406634103
"704","AY284","dfrA1_1","Trimethoprim","O",29,"middle","Y",13.93,0.537401153701775,2,0.379999999999999
"705","AY289","intI1_2","Integrons","O",29,"middle","Y",7.86666666666667,0.21548395145192,3,0.124409717376811
"706","AY29","catB3","Phenicol","O",29,"middle","Y",15.53,1.01823376490863,2,0.72
"707","AY293","intI1_1","Integrons","O",29,"middle","Y",7.34666666666667,0.31643851430149,3,0.18269586141393
"708","AY300","tnpA_2","MGE","O",29,"middle","Y",6.35333333333333,0.228108161479009,3,0.131698308434257
"709","AY309","ISPps","MGE","O",29,"middle","Y",6.70666666666667,0.240277617212536,3,0.138724346977899
"710","AY328","aadA5_2","Aminoglycoside","O",29,"middle","Y",13.07,0.907028114228,3,0.523672925912094
"711","AY331","aadA2_3","Aminoglycoside","O",29,"middle","Y",9.06333333333333,0.0251661147842354,3,0.0145296631451353
"712","AY339","blaCMY_2","Beta Lactam","O",29,"middle","Y",16.255,0.190918830920368,2,0.135
"713","AY353","tolC_2","MDR","O",29,"middle","Y",17.52,2.5597265478953,2,1.81
"714","AY365","sul2_2","Sulfonamide","O",29,"middle","Y",8.23333333333333,0.151437555888007,3,0.0874325136573599
"715","AY37","cmxA","Phenicol","O",29,"middle","Y",7.47,0.367151195013717,3,0.211974841274462
"716","AY381","vanTC_2","Vancomycin","O",29,"middle","Y",18.94,0.862670273047592,2,0.610000000000003
"717","AY389","aph6-ia","Aminoglycoside","O",29,"middle","Y",15.0533333333333,2.97449715638347,3,1.71732673394177
"718","AY409","aadA16","Aminoglycoside","O",29,"middle","Y",6.17333333333333,0.220529665426974,3,0.127322861698561
"719","AY410","aadA1_2","Aminoglycoside","O",29,"middle","Y",9.00333333333333,0.0960902353693319,3,0.0554777232569783
"720","AY416","ant6-ib","Aminoglycoside","O",29,"middle","Y",9.75333333333333,0.0321455025366425,3,0.0185592145427663
"721","AY418","aph(3'')-ia","Aminoglycoside","O",29,"middle","Y",12.1366666666667,0.30171730698343,3,0.174196568406052
"722","AY457","qnrB4","Quinolone","O",29,"middle","Y",13.77,0.303479818109871,3,0.175214154679353
"723","AY458","qnrB_2","Quinolone","O",29,"middle","Y",13.445,1.91625937701554,2,1.355
"724","AY459","qnrD","Quinolone","O",29,"middle","Y",10.79,0.546717477313465,3,0.315647482697602
"725","AY46","ermF_1","MLSB","O",29,"middle","Y",4.87,0.167032930884901,3,0.0964365076099295
"726","AY465","bacA","Other","O",29,"middle","Y",14.925,0.275771644662754,2,0.195
"727","AY466","mcr1","Other","O",29,"middle","Y",21.3,0.777817459305203,2,0.550000000000001
"728","AY487","cefa_qacelta","MDR","O",29,"middle","Y",8.29666666666667,0.145716619962629,3,0.0841295297608263
"729","AY489","qacF/H","MDR","O",29,"middle","Y",10.7866666666667,0.14047538337137,3,0.0811035004039761
"730","AY492","copA","MDR","O",29,"middle","Y",11.9666666666667,0.594670777265315,3,0.343333333333333
"731","AY493","czcA","MDR","O",29,"middle","Y",10.715,0.00707106781186407,2,0.00499999999999901
"732","AY495","pcoA","MDR","O",29,"middle","Y",14.735,1.27986327394765,2,0.905
"733","AY533","ermB_2","MLSB","O",29,"middle","Y",8.25333333333333,0.185831464863552,3,0.107289846262874
"734","AY536","lnuB","MLSB","O",29,"middle","Y",8.00666666666667,0.120968315410828,3,0.0698410894658572
"735","AY537","lnuC","MLSB","O",29,"middle","Y",13.675,1.30814754519511,2,0.925000000000001
"736","AY538","mefA","MLSB","O",29,"middle","Y",9.27333333333333,0.512087232152231,3,0.295653701331661
"737","AY545","ermC_2","MLSB","O",29,"middle","Y",18.725,0.827314933988262,2,0.585000000000001
"738","AY553","msrE","MLSB","O",29,"middle","Y",5.41,0.157162336455017,3,0.0907377172587748
"739","AY562","catQ","Phenicol","O",29,"middle","Y",14.96,4.31335136523794,2,3.05
"740","AY566","floR","Phenicol","O",29,"middle","Y",10.7966666666667,0.261597655443111,3,0.151033476789455
"741","AY571","tetD","Tetracycline","O",29,"middle","Y",14.0233333333333,0.393234450847498,3,0.227034016051438
"742","AY572","tetG","Tetracycline","O",29,"middle","Y",7.23333333333333,0.0750555349946507,3,0.0433333333333329
"743","AY574","tetM","Tetracycline","O",29,"middle","Y",8.20666666666667,0.175594229214212,3,0.10137937550497
"744","AY111","cphA_1","Beta Lactam","P",29,"top","Y",13.95,0.367695526217006,2,0.260000000000001
"745","AY126","blaSFO","Beta Lactam","P",29,"top","Y",17.5966666666667,0.694286204193439,3,0.400846326885726
"746","AY138","penA","Beta Lactam","P",29,"top","Y",19.885,0.162634559672906,2,0.115
"747","AY142","ttgB","Other","P",29,"top","Y",12.515,0.502045814642448,2,0.355
"748","AY191","merA","Other","P",29,"top","Y",8.31666666666666,0.110151410945721,3,0.0635959467611293
"749","AY198","crAss64","Other","P",29,"top","Y",15.65,0.167032930884901,3,0.0964365076099296
"750","AY207","acrA_1","MDR","P",29,"top","Y",13.37,0.605061980296233,3,0.349332697200438
"751","AY218","qacE∆1_1","Other","P",29,"top","Y",9.38666666666666,0.384751001731422,3,0.222136094420615
"752","AY236","qacE∆1_3","Other","P",29,"top","Y",8.65333333333333,0.376342043005208,3,0.21728117983643
"753","AY24","strB","Aminoglycoside","P",29,"top","Y",7.82333333333333,0.372066302335125,3,0.214812579809573
"754","AY241","sul4","Sulfonamide","P",29,"top","Y",13.0133333333333,0.231588715902424,3,0.133707807467544
"755","AY244","sul3_1","Sulfonamide","P",29,"top","Y",13.2066666666667,0.44286943147313,3,0.255690785476868
"756","AY245","sul1_2","Sulfonamide","P",29,"top","Y",9.14333333333333,0.351188458428423,3,0.20275875100994
"757","AY254","tetA_2","Tetracycline","P",29,"top","Y",12.46,0.343947670438396,3,0.198578280114752
"758","AY263","tetW","Tetracycline","P",29,"top","Y",10.39,0.193132079158278,3,0.111504857891184
"759","AY268","tetC_2","Tetracycline","P",29,"top","Y",18.275,0.770746391493337,2,0.545
"760","AY284","dfrA1_1","Trimethoprim","P",29,"top","Y",13.2766666666667,0.828029790124325,3,0.478063222225308
"761","AY289","intI1_2","Integrons","P",29,"top","Y",7.78333333333333,0.237135685491099,3,0.136910351852752
"762","AY293","intI1_1","Integrons","P",29,"top","Y",7.77,0.459238500128201,3,0.265141471671257
"763","AY300","tnpA_2","MGE","P",29,"top","Y",4.86,0.279999999999999,3,0.161658075373095
"764","AY309","ISPps","MGE","P",29,"top","Y",10.09,0.2,3,0.115470053837925
"765","AY328","aadA5_2","Aminoglycoside","P",29,"top","Y",12.3866666666667,0.130511813003011,3,0.0753510303697144
"766","AY331","aadA2_3","Aminoglycoside","P",29,"top","Y",8.17666666666667,0.325012820259961,3,0.187646239267168
"767","AY339","blaCMY_2","Beta Lactam","P",29,"top","Y",13.1233333333333,0.11503622617825,3,0.0664161961505716
"768","AY365","sul2_2","Sulfonamide","P",29,"top","Y",7.64,0.287923600977759,3,0.166232768530556
"769","AY37","cmxA","Phenicol","P",29,"top","Y",8.28333333333333,0.310053758779559,3,0.179009621094634
"770","AY409","aadA16","Aminoglycoside","P",29,"top","Y",8.15333333333333,0.295352896267047,3,0.170522074165715
"771","AY410","aadA1_2","Aminoglycoside","P",29,"top","Y",7.56,0.336452076825214,3,0.194250697124446
"772","AY416","ant6-ib","Aminoglycoside","P",29,"top","Y",14.86,0.904212364436583,3,0.522047252012049
"773","AY418","aph(3'')-ia","Aminoglycoside","P",29,"top","Y",10.7366666666667,0.200083315979452,3,0.11551815634109
"774","AY457","qnrB4","Quinolone","P",29,"top","Y",15.055,1.68998520703585,2,1.195
"775","AY458","qnrB_2","Quinolone","P",29,"top","Y",12.8766666666667,0.695868761573139,3,0.401760016814903
"776","AY459","qnrD","Quinolone","P",29,"top","Y",9.41,0.242693221990231,3,0.140118997046558
"777","AY46","ermF_1","MLSB","P",29,"top","Y",9.22666666666667,0.187171935218217,3,0.108063767182981
"778","AY465","bacA","Other","P",29,"top","Y",15.365,0.586898628384832,2,0.414999999999998
"779","AY466","mcr1","Other","P",29,"top","Y",20.82,1.51320851173921,2,1.07
"780","AY487","cefa_qacelta","MDR","P",29,"top","Y",8.62,0.280535202782111,3,0.161967074843418
"781","AY489","qacF/H","MDR","P",29,"top","Y",10.2666666666667,0.457857328578819,3,0.264344051905424
"782","AY492","copA","MDR","P",29,"top","Y",11.4066666666667,0.405133722779693,3,0.233904063904651
"783","AY493","czcA","MDR","P",29,"top","Y",12.5666666666667,1.00857985967068,3,0.582303853480103
"784","AY495","pcoA","MDR","P",29,"top","Y",11.25,0.355105618091295,3,0.205020324195757
"785","AY533","ermB_2","MLSB","P",29,"top","Y",10.0633333333333,0.25423086620891,3,0.146780259042026
"786","AY536","lnuB","MLSB","P",29,"top","Y",10.0233333333333,0.441852162304692,3,0.255103464848632
"787","AY537","lnuC","MLSB","P",29,"top","Y",20.775,2.82135605693432,2,1.995
"788","AY538","mefA","MLSB","P",29,"top","Y",9.73333333333333,0.321299444962692,3,0.185502321039687
"789","AY545","ermC_2","MLSB","P",29,"top","Y",16.2066666666667,2.09058205611101,3,1.20699811285869
"790","AY553","msrE","MLSB","P",29,"top","Y",2.41666666666667,0.460904907039764,3,0.266103572150227
"791","AY562","catQ","Phenicol","P",29,"top","Y",15.6133333333333,0.560832714214616,3,0.323796918522157
"792","AY566","floR","Phenicol","P",29,"top","Y",10.43,0.324191301548946,3,0.187171935218219
"793","AY572","tetG","Tetracycline","P",29,"top","Y",7.91666666666667,0.210792156716831,3,0.121700908423524
"794","AY574","tetM","Tetracycline","P",29,"top","Y",9.27333333333333,0.317857410379771,3,0.183515061446678
"795","AY586","dfrA27","Trimethoprim","P",29,"top","Y",19.42,2.38384143767995,3,1.3763114957499
"796","AY111","cphA_1","Beta Lactam","Q",29,"bottom","X",9.06,0.438406204335659,2,0.31
"797","AY126","blaSFO","Beta Lactam","Q",29,"bottom","X",15.145,1.37885822331377,2,0.975000000000001
"798","AY138","penA","Beta Lactam","Q",29,"bottom","X",21.43,0.791959594928931,2,0.559999999999999
"799","AY142","ttgB","Other","Q",29,"bottom","X",17.8233333333333,4.04427166908126,3,2.33496133682004
"800","AY191","merA","Other","Q",29,"bottom","X",8.38,0.277848879788997,3,0.160416125540214
"801","AY198","crAss64","Other","Q",29,"bottom","X",13.28,1.1879393923934,2,0.84
"802","AY207","acrA_1","MDR","Q",29,"bottom","X",16.5766666666667,1.43381774760021,3,0.827815062545843
"803","AY218","qacE∆1_1","Other","Q",29,"bottom","X",9.47,0.334215499341366,3,0.192959408512083
"804","AY224","oprD","MDR","Q",29,"bottom","X",15.535,1.97282791951047,2,1.395
"805","AY236","qacE∆1_3","Other","Q",29,"bottom","X",8.83666666666667,0.123423390543824,3,0.0712585277547732
"806","AY24","strB","Aminoglycoside","Q",29,"bottom","X",7.41333333333333,0.155026879389779,3,0.0895048105473163
"807","AY241","sul4","Sulfonamide","Q",29,"bottom","X",7.50333333333333,0.282901631902916,3,0.163333333333333
"808","AY244","sul3_1","Sulfonamide","Q",29,"bottom","X",9.94666666666667,0.328075194632775,3,0.189414301935671
"809","AY245","sul1_2","Sulfonamide","Q",29,"bottom","X",9.03,0.156204993518133,3,0.0901849950564581
"810","AY254","tetA_2","Tetracycline","Q",29,"bottom","X",11.6066666666667,0.258907963055085,3,0.149480582165191
"811","AY263","tetW","Tetracycline","Q",29,"bottom","X",6.63,0.185202591774521,3,0.106926766215636
"812","AY284","dfrA1_1","Trimethoprim","Q",29,"bottom","X",15.28,0.212132034355964,2,0.149999999999999
"813","AY289","intI1_2","Integrons","Q",29,"bottom","X",7.82,0.226495033058122,3,0.13076696830622
"814","AY29","catB3","Phenicol","Q",29,"bottom","X",15.99,0.993378075055014,3,0.573527099040085
"815","AY293","intI1_1","Integrons","Q",29,"bottom","X",7.47333333333333,0.289194283023254,3,0.166966397151577
"816","AY300","tnpA_2","MGE","Q",29,"bottom","X",6.23666666666667,0.183393929379718,3,0.105882534495124
"817","AY309","ISPps","MGE","Q",29,"bottom","X",6.39666666666667,0.175023807904334,3,0.101050042608161
"818","AY328","aadA5_2","Aminoglycoside","Q",29,"bottom","X",14.0633333333333,0.240901086202061,3,0.139084306966833
"819","AY331","aadA2_3","Aminoglycoside","Q",29,"bottom","X",9.32333333333333,0.0945163125250508,3,0.0545690184791489
"820","AY339","blaCMY_2","Beta Lactam","Q",29,"bottom","X",16.8766666666667,2.37733744624808,3,1.37255641454591
"821","AY353","tolC_2","MDR","Q",29,"bottom","X",16.075,0.0636396103067867,2,0.0449999999999982
"822","AY365","sul2_2","Sulfonamide","Q",29,"bottom","X",8.7,0.105356537528527,3,0.0608276253029819
"823","AY37","cmxA","Phenicol","Q",29,"bottom","X",8.08,0.115325625946708,3,0.0665832811847941
"824","AY389","aph6-ia","Aminoglycoside","Q",29,"bottom","X",15.615,1.64755880016466,2,1.165
"825","AY409","aadA16","Aminoglycoside","Q",29,"bottom","X",10.2633333333333,0.298384539367128,3,0.172272394125634
"826","AY410","aadA1_2","Aminoglycoside","Q",29,"bottom","X",8.79666666666667,0.220302821891443,3,0.127191893522259
"827","AY416","ant6-ib","Aminoglycoside","Q",29,"bottom","X",9.86333333333333,0.410162569395761,3,0.236807469852151
"828","AY457","qnrB4","Quinolone","Q",29,"bottom","X",12.57,0.169705627484772,2,0.12
"829","AY458","qnrB_2","Quinolone","Q",29,"bottom","X",14.055,0.417193000900063,2,0.295
"830","AY459","qnrD","Quinolone","Q",29,"bottom","X",10.9666666666667,0.275015151097778,3,0.158780071517528
"831","AY46","ermF_1","MLSB","Q",29,"bottom","X",5.21,0.19672315572906,3,0.113578166916006
"832","AY465","bacA","Other","Q",29,"bottom","X",17.2366666666667,1.42117322425288,3,0.820514743587489
"833","AY487","cefa_qacelta","MDR","Q",29,"bottom","X",8.94333333333333,0.210792156716831,3,0.121700908423524
"834","AY489","qacF/H","MDR","Q",29,"bottom","X",9.68,0.16370705543745,3,0.0945163125250529
"835","AY492","copA","MDR","Q",29,"bottom","X",12.43,0.200748598998846,3,0.115902257671424
"836","AY493","czcA","MDR","Q",29,"bottom","X",11.11,0.608276253029821,3,0.351188458428424
"837","AY533","ermB_2","MLSB","Q",29,"bottom","X",7.19333333333333,0.100664459136944,3,0.0581186525805426
"838","AY536","lnuB","MLSB","Q",29,"bottom","X",7.59333333333333,0.225905584998099,3,0.130426650310092
"839","AY537","lnuC","MLSB","Q",29,"bottom","X",12.5433333333333,1.56516239838981,3,0.903646932035835
"840","AY538","mefA","MLSB","Q",29,"bottom","X",8.90666666666667,0.130511813003013,3,0.0753510303697154
"841","AY553","msrE","MLSB","Q",29,"bottom","X",4.15333333333333,0.180369990112915,3,0.104136662345421
"842","AY562","catQ","Phenicol","Q",29,"bottom","X",11.775,0.65760930650349,2,0.465000000000001
"843","AY566","floR","Phenicol","Q",29,"bottom","X",12.15,0.295465734053883,3,0.17058722109232
"844","AY572","tetG","Tetracycline","Q",29,"bottom","X",6.88,0.311929479209644,3,0.180092568789868
"845","AY574","tetM","Tetracycline","Q",29,"bottom","X",8.98333333333333,0.395516539898566,3,0.228351580779386
"846","AY595","vanA","Vancomycin","Q",29,"bottom","X",11.565,0.134350288425442,2,0.0949999999999988
"847","AY111","cphA_1","Beta Lactam","R",29,"middle","X",13.88,0.466690475583121,2,0.33
"848","AY126","blaSFO","Beta Lactam","R",29,"middle","X",18.61,0.113137084989845,2,0.0799999999999983
"849","AY142","ttgB","Other","R",29,"middle","X",18.0433333333333,0.666808318284447,3,0.384981962059407
"850","AY191","merA","Other","R",29,"middle","X",8.61333333333333,0.236924741918892,3,0.136788563524555
"851","AY198","crAss64","Other","R",29,"middle","X",12.04,0.127671453348038,3,0.0737111479583202
"852","AY218","qacE∆1_1","Other","R",29,"middle","X",9.72,0.105830052442583,3,0.0611010092660773
"853","AY224","oprD","MDR","R",29,"middle","X",15.51,1.93747258045114,2,1.37
"854","AY236","qacE∆1_3","Other","R",29,"middle","X",8.98666666666667,0.110604400153581,3,0.0638574802022269
"855","AY24","strB","Aminoglycoside","R",29,"middle","X",7.25666666666667,0.0642910050732877,3,0.0371184290855342
"856","AY241","sul4","Sulfonamide","R",29,"middle","X",7.67666666666667,0.140118997046559,3,0.0808977406634114
"857","AY244","sul3_1","Sulfonamide","R",29,"middle","X",11.5633333333333,0.420990894596703,3,0.243059206321788
"858","AY245","sul1_2","Sulfonamide","R",29,"middle","X",9.02666666666667,0.0152752523165182,3,0.00881917103688122
"859","AY254","tetA_2","Tetracycline","R",29,"middle","X",12.2233333333333,0.222336081942031,3,0.128365796759798
"860","AY263","tetW","Tetracycline","R",29,"middle","X",7.39666666666667,0.0351188458428419,3,0.0202758751009937
"861","AY268","tetC_2","Tetracycline","R",29,"middle","X",15.96,0.459238500128202,3,0.265141471671258
"862","AY284","dfrA1_1","Trimethoprim","R",29,"middle","X",13.7466666666667,1.23621734874307,3,0.713730419073694
"863","AY289","intI1_2","Integrons","R",29,"middle","X",8.53666666666667,0.110151410945724,3,0.0635959467611309
"864","AY29","catB3","Phenicol","R",29,"middle","X",16.155,1.35057395206631,2,0.955
"865","AY293","intI1_1","Integrons","R",29,"middle","X",8.25666666666667,0.431315816233688,3,0.249020302608263
"866","AY300","tnpA_2","MGE","R",29,"middle","X",6.39333333333333,0.0461880215351706,3,0.026666666666667
"867","AY309","ISPps","MGE","R",29,"middle","X",6.79,0.0360555127546394,3,0.020816659994661
"868","AY328","aadA5_2","Aminoglycoside","R",29,"middle","X",13.8,0.0608276253029818,3,0.0351188458428422
"869","AY331","aadA2_3","Aminoglycoside","R",29,"middle","X",9.43333333333333,0.049328828623163,3,0.0284800124843921
"870","AY339","blaCMY_2","Beta Lactam","R",29,"middle","X",15.6266666666667,0.824762592103529,3,0.476176904568506
"871","AY365","sul2_2","Sulfonamide","R",29,"middle","X",8.56666666666667,0.110151410945722,3,0.0635959467611298
"872","AY37","cmxA","Phenicol","R",29,"middle","X",8.02333333333333,0.128582010146573,3,0.0742368581710671
"873","AY381","vanTC_2","Vancomycin","R",29,"middle","X",17.885,1.12429978208661,2,0.795
"874","AY389","aph6-ia","Aminoglycoside","R",29,"middle","X",15.775,0.0494974746830598,2,0.035000000000001
"875","AY409","aadA16","Aminoglycoside","R",29,"middle","X",8.84666666666667,0.262741951985847,3,0.151694136706436
"876","AY410","aadA1_2","Aminoglycoside","R",29,"middle","X",9.37666666666667,0.0288675134594812,3,0.0166666666666666
"877","AY416","ant6-ib","Aminoglycoside","R",29,"middle","X",9.50333333333333,0.226789182575654,3,0.130936795609349
"878","AY418","aph(3'')-ia","Aminoglycoside","R",29,"middle","X",13.3433333333333,0.812485897313507,3,0.469088951526728
"879","AY457","qnrB4","Quinolone","R",29,"middle","X",14.36,2.12205089477137,3,1.22516665533034
"880","AY458","qnrB_2","Quinolone","R",29,"middle","X",14.14,1.07480230740355,2,0.760000000000001
"881","AY459","qnrD","Quinolone","R",29,"middle","X",8.88333333333333,0.132035348802254,3,0.0762306441735274
"882","AY46","ermF_1","MLSB","R",29,"middle","X",4.80666666666667,0.191398362932741,3,0.110503896361672
"883","AY465","bacA","Other","R",29,"middle","X",19.52,3.02641702347842,2,2.14
"884","AY466","mcr1","Other","R",29,"middle","X",19.505,3.00520382004282,2,2.125
"885","AY487","cefa_qacelta","MDR","R",29,"middle","X",9.1,0.124899959967968,3,0.07211102550928
"886","AY489","qacF/H","MDR","R",29,"middle","X",11.22,0.643739077577244,3,0.371662929727103
"887","AY492","copA","MDR","R",29,"middle","X",14.5966666666667,0.660328201225219,3,0.381240664730881
"888","AY493","czcA","MDR","R",29,"middle","X",11.3533333333333,0.482320778459038,3,0.278468031279076
"889","AY495","pcoA","MDR","R",29,"middle","X",14.0166666666667,0.771059876620055,3,0.445171627327908
"890","AY528","ereA","MLSB","R",29,"middle","X",12.31,0.494974746830582,2,0.349999999999999
"891","AY533","ermB_2","MLSB","R",29,"middle","X",8.22,0.081853527718724,3,0.0472581562625258
"892","AY536","lnuB","MLSB","R",29,"middle","X",7.44,0.0854400374531763,3,0.049328828623163
"893","AY537","lnuC","MLSB","R",29,"middle","X",13.17,0.930161276338679,3,0.537028863283902
"894","AY538","mefA","MLSB","R",29,"middle","X",8.955,0.219203102167829,2,0.154999999999999
"895","AY545","ermC_2","MLSB","R",29,"middle","X",14.91,0.800749648766705,3,0.462313025268955
"896","AY553","msrE","MLSB","R",29,"middle","X",3.71666666666667,0.0723417813807018,3,0.0417665469538053
"897","AY562","catQ","Phenicol","R",29,"middle","X",13.3866666666667,0.684202699010558,3,0.395024612454014
"898","AY566","floR","Phenicol","R",29,"middle","X",11.98,0.620966987850403,3,0.358515457593301
"899","AY571","tetD","Tetracycline","R",29,"middle","X",13.3766666666667,0.450814078455114,3,0.260277629550533
"900","AY572","tetG","Tetracycline","R",29,"middle","X",7.21333333333333,0.120138808606267,3,0.0693621734889494
"901","AY574","tetM","Tetracycline","R",29,"middle","X",7.60666666666667,0.117189305541648,3,0.0676592771006157
"902","AY601","blaOXA48","Beta Lactam","R",29,"middle","X",20.8,1.88090403795621,2,1.33
"903","AY111","cphA_1","Beta Lactam","S",29,"top","X",13.435,0.289913780286483,2,0.204999999999999
"904","AY125","blaGES","Beta Lactam","S",29,"top","X",16.55,0.806101730552663,2,0.569999999999999
"905","AY126","blaSFO","Beta Lactam","S",29,"top","X",18.21,1.45663996924429,2,1.03
"906","AY138","penA","Beta Lactam","S",29,"top","X",20.31,2.90287788237811,3,1.67597732681561
"907","AY142","ttgB","Other","S",29,"top","X",13.2,0.890954544295051,2,0.630000000000001
"908","AY159","vanB_1","Vancomycin","S",29,"top","X",21.78,0.76367532368147,2,0.539999999999999
"909","AY191","merA","Other","S",29,"top","X",7.52666666666667,0.347898452617043,3,0.200859265269104
"910","AY198","crAss64","Other","S",29,"top","X",14.1033333333333,1.78629038326173,3,1.031315233627
"911","AY207","acrA_1","MDR","S",29,"top","X",12.8466666666667,0.119303534454488,3,0.0688799277325724
"912","AY218","qacE∆1_1","Other","S",29,"top","X",9.09333333333333,0.0802080627701074,3,0.0463081466314999
"913","AY224","oprD","MDR","S",29,"top","X",16.75,0.791959594928936,2,0.560000000000002
"914","AY236","qacE∆1_3","Other","S",29,"top","X",8.56,0.145258390463339,3,0.0838649708360606
"915","AY24","strB","Aminoglycoside","S",29,"top","X",7.50333333333333,0.263122278291545,3,0.151913718201411
"916","AY241","sul4","Sulfonamide","S",29,"top","X",12.6,0.540277706369604,3,0.311929479209645
"917","AY244","sul3_1","Sulfonamide","S",29,"top","X",13.2266666666667,1.30024356692634,3,0.750695973377002
"918","AY245","sul1_2","Sulfonamide","S",29,"top","X",8.99666666666667,0.207926268983342,3,0.120046287369127
"919","AY254","tetA_2","Tetracycline","S",29,"top","X",12.3633333333333,0.35921210076128,3,0.207391203070696
"920","AY263","tetW","Tetracycline","S",29,"top","X",10.4633333333333,0.470567033836132,3,0.271682003657054
"921","AY268","tetC_2","Tetracycline","S",29,"top","X",15,0.576541412215982,3,0.332866339541864
"922","AY284","dfrA1_1","Trimethoprim","S",29,"top","X",14.1633333333333,0.48911484677255,3,0.282390588448774
"923","AY289","intI1_2","Integrons","S",29,"top","X",7.60666666666667,0.466940395910799,3,0.26958816327461
"924","AY293","intI1_1","Integrons","S",29,"top","X",7.05333333333333,0.155026879389782,3,0.089504810547318
"925","AY300","tnpA_2","MGE","S",29,"top","X",4.76666666666667,0.312143129562919,3,0.180215919878843
"926","AY309","ISPps","MGE","S",29,"top","X",9.51333333333333,0.394250343479031,3,0.227620541935721
"927","AY328","aadA5_2","Aminoglycoside","S",29,"top","X",13.45,0.831624915451672,3,0.480138868800823
"928","AY331","aadA2_3","Aminoglycoside","S",29,"top","X",8.69,0.192873015219859,3,0.1113552872566
"929","AY339","blaCMY_2","Beta Lactam","S",29,"top","X",11.86,0.77826730626437,3,0.449332838773219
"930","AY353","tolC_2","MDR","S",29,"top","X",12.7,0.247588368062799,3,0.142945210949277
"931","AY365","sul2_2","Sulfonamide","S",29,"top","X",6.75666666666667,0.231588715902424,3,0.133707807467544
"932","AY37","cmxA","Phenicol","S",29,"top","X",7.52666666666667,0.182300118851671,3,0.105251022692313
"933","AY381","vanTC_2","Vancomycin","S",29,"top","X",19.455,0.0636396103067917,2,0.0450000000000017
"934","AY389","aph6-ia","Aminoglycoside","S",29,"top","X",16.96,0.0141421356237281,2,0.00999999999999801
"935","AY409","aadA16","Aminoglycoside","S",29,"top","X",7.53,0.278747197295326,3,0.16093476939431
"936","AY410","aadA1_2","Aminoglycoside","S",29,"top","X",8.10666666666667,0.315013227235513,3,0.181872971542716
"937","AY416","ant6-ib","Aminoglycoside","S",29,"top","X",14.15,0.565066367783467,3,0.326241219549789
"938","AY418","aph(3'')-ia","Aminoglycoside","S",29,"top","X",10.5,0.504777178564959,3,0.291433239925259
"939","AY456","qepA","Quinolone","S",29,"top","X",6.905,0.0353553390593266,2,0.0249999999999995
"940","AY457","qnrB4","Quinolone","S",29,"top","X",13.3366666666667,1.16689045472715,3,0.673704518151525
"941","AY458","qnrB_2","Quinolone","S",29,"top","X",11.3233333333333,0.230940107675851,3,0.133333333333333
"942","AY459","qnrD","Quinolone","S",29,"top","X",11.1,0.822131376362683,3,0.474657771452232
"943","AY46","ermF_1","MLSB","S",29,"top","X",8.80333333333333,0.100664459136944,3,0.0581186525805426
"944","AY465","bacA","Other","S",29,"top","X",15.98,1.49906637611548,2,1.06
"945","AY487","cefa_qacelta","MDR","S",29,"top","X",8.52,0.286879765755621,3,0.165630109984065
"946","AY489","qacF/H","MDR","S",29,"top","X",9.57333333333333,0.420277685980749,3,0.242647435135379
"947","AY492","copA","MDR","S",29,"top","X",10.41,0.29444863728671,3,0.17
"948","AY493","czcA","MDR","S",29,"top","X",11.5333333333333,0.415852537966687,3,0.240092574738256
"949","AY495","pcoA","MDR","S",29,"top","X",10.6066666666667,0.240069434400411,3,0.138604152575279
"950","AY533","ermB_2","MLSB","S",29,"top","X",9.66333333333333,0.361155552820851,3,0.208513255640446
"951","AY536","lnuB","MLSB","S",29,"top","X",9.11,0.475709995690651,3,0.274651294068193
"952","AY537","lnuC","MLSB","S",29,"top","X",19.785,1.59099025766973,2,1.125
"953","AY538","mefA","MLSB","S",29,"top","X",9.70666666666667,0.113724814061547,3,0.0656590520119743
"954","AY545","ermC_2","MLSB","S",29,"top","X",13.9,0.710422409556455,3,0.410162569395762
"955","AY553","msrE","MLSB","S",29,"top","X",2.07333333333333,0.102632028788938,3,0.0592546294487709
"956","AY562","catQ","Phenicol","S",29,"top","X",14.32,0.279999999999998,3,0.161658075373094
"957","AY566","floR","Phenicol","S",29,"top","X",10.705,0.0777817459305186,2,0.0549999999999988
"958","AY571","tetD","Tetracycline","S",29,"top","X",12.6366666666667,0.740967835559233,3,0.427797979320977
"959","AY572","tetG","Tetracycline","S",29,"top","X",7.60333333333333,0.356417358350197,3,0.205777657787342
"960","AY574","tetM","Tetracycline","S",29,"top","X",9.33666666666667,0.120554275466835,3,0.0696020433927375
"961","AY586","dfrA27","Trimethoprim","S",29,"top","X",14.935,0.0919238815542517,2,0.0650000000000004
"962","AY601","blaOXA48","Beta Lactam","S",29,"top","X",19.655,4.08000612744638,2,2.885
"963","AY289","intI1_2","Integrons","T",0,"control",NA,3.48333333333333,1.15517675415208,3,0.666941609971302
"964","AY293","intI1_1","Integrons","T",0,"control",NA,-7.37,0.361662826400504,3,0.208806130178212
"965","AY353","tolC_2","MDR","T",0,"control",NA,1.53666666666667,0.716961179795207,3,0.413937730153274
"966","AY456","qepA","Quinolone","T",0,"control",NA,4.73,3.98808224589213,2,2.82
"967","AY493","czcA","MDR","T",0,"control",NA,-3.86,0.713582510996452,3,0.411987054812811
"968","AY537","lnuC","MLSB","T",0,"control",NA,4.96666666666667,2.732203018323,3,1.57743814810949
"969","AY538","mefA","MLSB","T",0,"control",NA,3.1,4.38406204335659,2,3.1
"970","AY595","vanA","Vancomycin","T",0,"control",NA,4.265,0.968736290225566,2,0.684999999999997
"971","AY289","intI1_2","Integrons","U",0,"control",NA,5.51,3.57796031280393,2,2.53
"972","AY293","intI1_1","Integrons","U",0,"control",NA,-7.03666666666667,0.90693623443621,3,0.523619879089571
"973","AY353","tolC_2","MDR","U",0,"control",NA,3.41,1.74077568916848,3,1.00503731274018
"974","AY389","aph6-ia","Aminoglycoside","U",0,"control",NA,6.22,1.81802090197005,3,1.04963485714477
"975","AY493","czcA","MDR","U",0,"control",NA,-3.37666666666667,0.796889787444495,3,0.460084533295543
"976","AY537","lnuC","MLSB","U",0,"control",NA,2.63666666666667,1.37711050149701,3,0.795075118743157
"977","AY538","mefA","MLSB","U",0,"control",NA,2.4,0.780832888651598,3,0.450814078455113
"978","AY562","catQ","Phenicol","U",0,"control",NA,5.295,2.92035100630044,2,2.065
